dateTimeUTC,humidity,precipitation,pressure,radiation,temperature,windspeed
2015-11-20,80.5,0.0,100.87200012000002,12.512,27.560999999999996,1.0050000000000001
2015-11-21,81.0,0.0625,100.85208358333331,235.42416666666665,28.31291666666667,0.7625000000000001
2015-11-22,83.70833333333333,0.0016666666666666668,100.92041651666666,262.2029166666666,28.514583333333334,0.5391666666666667
2015-11-23,84.625,0.005833333333333333,101.04333368333333,247.6504166666667,28.765,0.5070833333333334
2015-11-24,85.0,0.0,100.91458333333334,241.4645833333334,28.615416666666672,0.5712499999999999
2015-11-25,84.45833333333333,0.0,100.84291636666664,264.00291666666664,28.86833333333333,0.6487500000000002
2015-11-26,84.16666666666667,1.3195833333333333,100.93541641666665,283.5975,28.384166666666662,0.5295833333333334
2015-11-27,82.33333333333333,0.0008333333333333334,101.02541731666668,241.24708333333334,28.549166666666668,0.5741666666666666
2015-11-28,84.0,0.3645833333333333,101.19124959999999,274.175,28.830416666666668,0.5341666666666668
2015-11-29,82.95833333333333,0.11458333333333333,101.26875000000001,279.84,28.505416666666665,1.04
2015-11-30,82.91666666666667,1.0687499999999999,101.2425003,287.94,28.542083333333323,0.8270833333333333
2015-12-01,82.54166666666667,0.09333333333333334,101.15666656666669,292.1166666666667,28.12833333333334,0.6004166666666667
2015-12-02,80.5,0.0,101.12833378333333,280.39916666666664,28.819166666666664,0.7866666666666666
2015-12-03,77.29166666666667,0.0,101.12375004999997,287.6216666666666,28.736249999999995,0.8500000000000001
2015-12-04,77.54166666666667,0.0,101.07500025,249.58208333333337,28.201666666666668,0.7970833333333331
2015-12-05,79.79166666666667,0.0,100.97250035,285.37708333333336,28.492499999999996,0.7704166666666669
2015-12-06,80.08333333333333,0.0,100.98750000000003,278.48875000000004,29.473333333333333,0.6891666666666668
2015-12-07,81.79166666666667,0.0,100.98791681666665,279.00041666666664,29.817499999999995,0.6083333333333333
2015-12-08,82.16666666666667,0.0,100.96916731666666,242.11166666666668,29.810833333333335,0.5479166666666666
2015-12-09,82.08333333333333,0.0,101.01875000000001,238.64374999999998,29.704583333333336,0.6620833333333332
2015-12-10,81.79166666666667,0.0,101.00958328333331,227.82625,29.530000000000005,0.7191666666666666
2015-12-11,80.5,0.0,100.91583303333334,256.5258333333333,29.86375000000001,0.7725000000000001
2015-12-12,82.33333333333333,0.0,100.80666631666668,225.24541666666667,29.44666666666667,0.6983333333333334
2015-12-13,80.29166666666667,0.0,100.76374969999999,233.8020833333333,29.385833333333323,0.7062500000000002
2015-12-14,79.875,0.0,100.80666681666668,230.87124999999995,29.354166666666668,0.7675000000000001
2015-12-15,86.70833333333333,0.86625,100.94958293333333,129.40041666666667,27.099583333333342,0.49750000000000005
2015-12-16,82.41666666666667,0.0,100.94583383333332,274.26416666666665,28.22541666666666,0.7525
2015-12-17,84.08333333333333,0.0,101.03249995000003,212.96208333333334,28.754166666666666,0.6816666666666666
2015-12-18,82.41666666666667,0.0,101.03833313333332,250.53791666666666,28.794583333333335,0.7270833333333334
2015-12-19,82.45833333333333,0.0,101.11083323333334,225.8283333333333,28.561250000000005,0.695
2015-12-20,83.16666666666667,0.004583333333333333,101.07874935,221.62791666666666,28.47125,0.6704166666666668
2015-12-21,81.0,0.0,101.00374985000002,238.73041666666668,28.694166666666664,0.7479166666666668
2015-12-22,80.70833333333333,0.0,101.03958283333333,225.22000000000003,28.61916666666666,0.7479166666666665
2015-12-23,79.66666666666667,0.0,101.10666606666668,249.03625000000002,28.587083333333325,0.90625
2015-12-24,81.0,0.0062499999999999995,101.13916701666665,198.21208333333334,28.30291666666666,0.755416666666667
2015-12-25,79.29166666666667,0.0,101.11958363333333,251.6170833333334,28.52,0.7699999999999999
2015-12-26,81.29166666666667,0.0,100.9766672666667,250.54958333333335,28.755,0.7233333333333333
2015-12-27,80.29166666666667,0.0,101.00083363333334,226.35750000000004,29.004583333333333,0.9470833333333334
2015-12-28,79.20833333333333,0.01916666666666667,101.11333363333331,201.90583333333333,28.795416666666664,1.0520833333333335
2015-12-29,78.08333333333333,0.0,101.13166656666665,221.6783333333333,28.50375,0.894166666666667
2015-12-30,79.54166666666667,0.0,100.97375030000002,256.5691666666667,28.574999999999992,0.9254166666666667
2015-12-31,81.33333333333333,0.0,100.91333338333334,249.34125000000003,28.717916666666664,0.9991666666666669
2016-01-01,79.79166666666667,0.0,101.08041686666665,155.2775,29.041666666666668,0.7449999999999998
2016-01-02,81.0,0.0,101.13000029999999,159.87416666666664,29.18375,0.92125
2016-01-03,80.41666666666667,0.011250000000000001,101.01916631666666,169.79875,28.970833333333328,1.0241666666666667
2016-01-04,77.875,0.0,101.15416666666665,270.0995833333333,29.440416666666664,1.2233333333333334
2016-01-05,78.58333333333333,0.028333333333333335,101.16916656666666,228.11874999999995,28.935000000000002,0.9587500000000002
2016-01-06,79.375,0.0,101.05916671666667,221.46208333333334,28.820000000000004,0.8395833333333331
2016-01-07,80.33333333333333,0.0,101.14375000000001,199.1720833333333,29.223750000000006,0.8583333333333333
2016-01-08,77.5,0.0,101.11250024999998,213.51374999999996,29.2025,0.9854166666666667
2016-01-09,79.0,0.0,100.95791651666669,200.17625,28.755,1.1208333333333331
2016-01-10,78.20833333333333,0.0016666666666666668,101.05708363333332,192.28666666666666,28.640416666666663,0.8987499999999998
2016-01-11,81.08333333333333,0.0,101.15999935,131.89333333333332,28.18958333333333,0.8737499999999998
2016-01-12,79.91666666666667,0.0,101.06708373333333,229.03458333333333,28.961666666666662,0.8420833333333335
2016-01-13,79.95833333333333,0.0,101.0075002,224.79375000000002,28.794166666666666,0.9325000000000001
2016-01-14,78.66666666666667,0.0,100.95749945,237.99916666666664,28.836666666666655,0.9529166666666667
2016-01-15,78.25,0.0,100.93791631666666,227.3954166666667,28.716666666666658,0.9787499999999998
2016-01-16,77.08333333333333,0.0,100.91041641666668,202.94791666666666,28.423749999999995,1.0129166666666667
2016-01-17,79.375,0.0,100.86166661666664,190.41750000000002,28.309166666666673,0.8775000000000001
2016-01-18,77.54166666666667,0.0,100.87416636666667,217.74958333333333,28.4025,0.9504166666666666
2016-01-19,79.45833333333333,0.0,100.87208303333334,176.32208333333332,28.33,1.0025
2016-01-20,82.45833333333333,0.0,100.96708323333333,105.20958333333334,27.912499999999994,0.7645833333333333
2016-01-21,83.79166666666667,0.00375,101.05749995000001,63.165,27.25166666666667,0.7829166666666668
2016-01-22,81.375,0.0,100.94624964999998,207.3283333333333,27.350833333333338,1.1033333333333337
2016-01-23,81.25,0.0,101.0262497,197.98291666666668,27.474583333333328,0.9758333333333331
2016-01-24,82.16666666666667,0.0,101.19499995,195.33124999999998,27.63875,0.8720833333333334
2016-01-25,83.16666666666667,0.0,101.14291686666667,175.45666666666668,27.427083333333332,0.9091666666666666
2016-01-26,81.75,0.0,101.04083303333333,262.25541666666663,27.60666666666666,0.8566666666666668
2016-01-27,79.66666666666667,0.0,100.94999949999999,259.4570833333333,28.274583333333336,0.8950000000000001
2016-01-28,84.79166666666667,0.0,101.06291681666669,102.78666666666668,27.823749999999993,0.4916666666666667
2016-01-29,79.79166666666667,0.0,101.05124994999998,257.71583333333336,28.254166666666666,0.9550000000000001
2016-01-30,79.625,0.0,101.10125069999998,154.08875000000003,28.00333333333333,0.7533333333333334
2016-01-31,77.41666666666667,0.0,100.98333308333333,249.92249999999999,28.499999999999996,1.0750000000000002
2016-02-01,77.70833333333333,0.0,100.96083323333335,197.13791666666665,28.168333333333333,1.1870833333333335
2016-02-02,78.54166666666667,0.0,101.13916601666666,212.12875,27.81708333333333,1.05625
2016-02-03,78.25,0.0,101.08666686666665,218.23833333333334,28.009166666666662,1.069166666666667
2016-02-04,81.04166666666667,0.0,100.9912501,228.3033333333333,27.98,1.1445833333333333
2016-02-05,78.5,0.0,100.99166591666665,233.5425,28.159583333333334,1.0433333333333334
2016-02-06,79.625,0.0,101.03541691666669,184.99583333333337,27.549999999999997,0.9054166666666669
2016-02-07,79.58333333333333,0.0,101.05041656666664,241.43833333333336,27.64,0.7766666666666667
2016-02-08,80.54166666666667,0.0,100.97624970000003,192.515,27.813749999999995,0.7945833333333333
2016-02-09,89.125,0.0,101.08833363333333,75.34750000000001,26.908333333333328,0.4879166666666666
2016-02-10,86.125,0.0,100.97916641666667,124.60708333333332,27.372500000000002,0.6770833333333334
2016-02-11,85.625,0.0,101.00916696666668,106.72250000000003,27.405416666666667,0.5291666666666667
2016-02-12,82.29166666666667,0.0,100.93958258333333,240.89166666666668,28.144166666666663,0.8545833333333334
2016-02-13,80.375,0.0,100.94083328333333,213.46416666666664,28.238749999999996,0.9220833333333333
2016-02-14,80.54166666666667,0.0,101.08416696666667,194.35833333333335,27.95458333333333,1.0099999999999998
2016-02-15,79.5,0.0,101.23666636666667,207.15083333333334,27.85916666666667,0.8354166666666667
2016-02-16,81.08333333333333,0.0,101.24500019999999,243.3779166666667,27.747083333333332,0.77375
2016-02-17,81.375,0.0,101.08541716666667,215.20583333333332,27.715000000000003,0.7158333333333334
2016-02-18,79.79166666666667,0.0,100.94333343333335,245.53333333333333,27.96541666666667,0.9829166666666663
2016-02-19,80.04166666666667,0.0,101.06541696666666,139.7775,27.696666666666662,1.0229166666666667
2016-02-20,80.20833333333333,0.0,101.17333298333335,161.40541666666664,27.314999999999998,0.9729166666666665
2016-02-21,79.83333333333333,0.0,101.14291711666665,211.95625000000004,27.405416666666667,0.9508333333333335
2016-02-22,80.0,0.0,101.0949997,176.86791666666667,27.769583333333333,0.7737500000000002
2016-02-23,81.70833333333333,0.0,101.17291641666667,203.90791666666667,27.9275,0.6629166666666667
2016-02-24,81.375,0.0,101.09875055000002,259.3866666666667,28.103333333333335,0.5920833333333334
2016-02-25,80.66666666666667,0.0,101.02166646666667,263.85791666666665,28.642500000000002,0.5804166666666667
2016-02-26,82.91666666666667,0.0,100.98500010000002,215.25041666666664,28.495416666666667,0.7529166666666667
2016-02-27,82.08333333333333,0.0,101.07375005,205.88,28.940416666666664,0.9304166666666666
2016-02-28,83.625,0.0,101.25208383333332,221.10041666666666,28.856666666666666,0.77625
2016-02-29,80.75,0.0,101.30041606666667,243.86791666666673,29.429583333333337,0.63375
2016-03-01,81.25,0.0,101.22958373333334,244.51625000000004,29.204583333333336,0.5779166666666666
2016-03-02,80.33333333333333,0.0,101.00791676666667,244.78916666666666,29.32875,0.6791666666666667
2016-03-03,81.625,0.0,101.03791681666668,236.06625000000005,29.412499999999994,0.8158333333333333
2016-03-04,80.45833333333333,0.0,101.18749974999999,216.25541666666666,29.22666666666666,0.6695833333333332
2016-03-05,78.70833333333333,0.0,101.15583343333334,244.98583333333332,29.520416666666673,0.7374999999999999
2016-03-06,79.5,0.0,100.99208373333335,242.69791666666663,29.84291666666667,1.3262500000000002
2016-03-07,81.75,0.0,100.90791726666667,256.7545833333333,29.685833333333335,1.2008333333333332
2016-03-08,82.5,0.0,100.86624984999999,247.61124999999996,29.88041666666666,1.2299999999999998
2016-03-09,81.20833333333333,0.0,100.94999974999998,221.91333333333333,29.81375,1.1579166666666667
2016-03-10,79.45833333333333,0.0,100.94583358333334,232.62666666666664,29.85916666666667,1.0183333333333333
2016-03-11,80.16666666666667,0.0,101.01208318333333,233.29958333333335,30.330416666666665,0.6916666666666668
2016-03-12,79.25,0.0,101.12583313333333,220.2470833333333,30.108333333333338,0.7166666666666667
2016-03-13,79.04166666666667,0.0,101.10458323333332,213.11416666666665,29.845,0.6483333333333333
2016-03-14,78.29166666666667,0.0,101.1124995,200.22666666666666,29.960833333333326,0.7341666666666669
2016-03-15,79.79166666666667,0.0,101.08541716666669,198.4283333333333,29.994999999999994,0.6900000000000001
2016-03-16,79.25,0.0,101.0975001,197.52416666666667,30.2175,0.7479166666666668
2016-03-17,79.08333333333333,0.0,101.13166681666667,192.41291666666666,30.41749999999999,0.7174999999999998
2016-03-18,78.125,0.0,101.04249954999999,171.83916666666667,30.51291666666666,0.7358333333333337
2016-03-19,79.70833333333333,0.0,100.97833328333333,183.9104166666667,30.4825,0.6733333333333333
2016-03-20,80.41666666666667,0.0,100.98541666666667,175.56500000000003,30.29416666666666,0.83875
2016-03-21,77.83333333333333,0.0,101.04499995000003,144.99041666666668,30.117500000000007,0.7954166666666667
2016-03-22,76.29166666666667,0.0,100.91916656666666,176.48000000000002,29.905,0.9295833333333334
2016-03-23,78.375,0.0,100.8816670666667,154.89666666666668,29.844166666666666,0.8441666666666667
2016-03-24,78.08333333333333,0.0,101.00041631666666,166.0925,29.64,1.0445833333333334
2016-03-25,77.29166666666667,0.0,101.20458323333332,164.20374999999999,29.675416666666663,0.9099999999999998
2016-03-26,78.625,0.0,101.18333283333332,165.17041666666665,29.408333333333335,0.8004166666666667
2016-03-27,79.58333333333333,0.0,101.12374955,158.77416666666667,29.502499999999998,0.7387500000000001
2016-03-28,79.75,0.0,101.01583328333334,161.57791666666665,29.49625,0.69875
2016-03-29,79.58333333333333,0.0,100.99166666666669,161.78708333333333,29.61583333333333,0.7200000000000001
2016-03-30,82.08333333333333,0.0,100.98374989999996,156.055,29.76041666666667,0.7179166666666666
2016-03-31,82.875,0.0,100.89624989999999,163.71458333333334,29.923333333333336,0.7062499999999999
2016-04-01,80.54166666666667,0.0,100.83458328333336,156.89666666666668,29.892500000000002,0.6358333333333334
2016-04-02,82.83333333333333,0.0,101.04875030000001,168.97166666666666,28.551666666666673,0.52625
2016-04-03,80.125,0.0,101.18208313333332,162.78541666666666,29.20875,0.6616666666666665
2016-04-04,82.58333333333333,0.0,101.15249965,132.98666666666665,28.973333333333343,0.6166666666666666
2016-04-05,86.58333333333333,0.0,101.09166716666671,49.90041666666668,28.01833333333333,0.5529166666666666
2016-04-06,81.125,0.0,101.04208348333334,175.35583333333332,29.589583333333326,0.6208333333333335
2016-04-07,77.20833333333333,0.0,101.04624989999998,177.22458333333336,30.375416666666663,0.8958333333333334
2016-04-08,76.875,0.0,101.09666696666665,155.43916666666667,29.85541666666666,1.3425
2016-04-09,79.125,0.0,101.16458333333333,133.41208333333333,29.388749999999998,1.2291666666666667
2016-04-10,92.83333333333333,0.0008333333333333334,101.22958323333336,55.885833333333345,26.47791666666667,0.6945833333333332
2016-04-11,86.5,0.3433333333333333,101.2799998,140.23416666666665,27.937083333333323,1.0041666666666664
2016-04-12,82.08333333333333,0.39999999999999997,101.2112498,157.4070833333333,28.624166666666664,1.1154166666666667
2016-04-13,81.54166666666667,0.05833333333333333,101.06541646666669,132.64291666666668,28.324166666666667,0.9120833333333332
2016-04-14,95.58333333333333,0.027916666666666663,101.02750040000002,32.164166666666674,26.180000000000003,0.5158333333333333
2016-04-15,94.54166666666667,0.0,101.09333368333334,54.7125,26.116250000000004,0.7616666666666666
2016-04-16,88.20833333333333,0.6141666666666666,101.15291671666667,161.63791666666665,27.979999999999993,1.0875000000000001
2016-04-17,82.66666666666667,0.3441666666666667,101.16749954999999,145.7779166666667,28.458750000000006,0.9304166666666668
2016-04-18,81.20833333333333,0.0,101.07375005000002,160.93249999999998,29.06333333333333,1.1604166666666667
2016-04-19,81.33333333333333,0.0,101.05041631666667,149.835,29.365,1.0616666666666663
2016-04-20,82.25,0.0,101.14375025,154.51333333333332,29.474166666666676,1.095
2016-04-21,83.95833333333333,0.0025,101.13833338333332,167.82875,29.348333333333333,0.9654166666666666
2016-04-22,83.08333333333333,0.0,101.07750014999998,173.05916666666667,29.667916666666667,1.1124999999999996
2016-04-23,83.58333333333333,0.0,100.99666671666665,168.43750000000003,29.42458333333333,-832.0600000000001
2016-04-24,86.08333333333333,0.215,100.98208363333332,121.08375,27.879583333333333,-3331.88625
2016-04-25,79.70833333333333,0.0,100.95708388333334,160.8841666666667,28.72083333333333,1.0525
2016-04-26,85.04166666666667,0.0,100.98041686666669,87.47708333333334,27.813333333333333,1.050416666666667
2016-04-27,81.95833333333333,0.0,101.01958363333334,142.79625,27.860416666666666,1.10125
2016-04-28,92.5,0.0,101.09666671666666,62.4325,25.7525,0.7404166666666666
2016-04-29,84.41666666666667,0.0,101.04749935000001,170.93749999999997,27.4675,0.9029166666666667
2016-04-30,87.29166666666667,0.0,101.08208363333334,152.43375,27.281666666666666,0.8333333333333334
2016-05-01,81.125,0.0,101.09375,170.94875,28.005416666666672,0.8249999999999998
2016-05-02,78.0,0.0,101.14833348333333,173.08541666666665,28.552916666666665,1.1379166666666665
2016-05-03,82.0,0.0,101.13499959999997,172.45583333333335,28.58791666666666,1.0529166666666665
2016-05-04,82.375,0.0,101.17541706666667,166.73958333333334,28.71625,1.095
2016-05-05,87.66666666666667,0.0008333333333333334,101.2175003,64.42999999999999,27.05125000000001,0.8224999999999998
2016-05-06,70.91666666666667,0.0,101.27499999999999,173.72833333333335,28.0475,1.2362499999999998
2016-05-07,69.0,0.0,101.3350001,171.40791666666667,28.055833333333336,1.3095833333333335
2016-05-08,72.5,0.0,101.45749945000001,128.50833333333335,28.20583333333334,1.2341666666666666
2016-05-09,77.16666666666667,0.0,101.44333368333334,115.29374999999999,26.495833333333337,1.215
2016-05-10,92.75,0.0,101.53916651666668,59.045416666666654,24.050833333333333,0.9925
2016-05-11,85.125,0.0,101.47333348333332,74.30958333333334,26.315416666666664,0.8979166666666667
2016-05-12,83.91666666666667,0.0,101.39083303333331,82.25166666666667,26.58125,1.0570833333333334
2016-05-13,79.08333333333333,0.00125,101.38000004999999,164.0379166666667,27.564583333333335,1.175
2016-05-14,80.75,0.06125,101.4462504,168.47625000000002,27.29583333333333,1.0566666666666666
2016-05-15,81.625,0.0,101.49375049999998,173.78416666666666,27.504583333333333,1.070833333333333
2016-05-16,82.16666666666667,0.0,101.39625040000004,172.5895833333333,28.053750000000004,1.1312499999999999
2016-05-17,82.70833333333333,0.0,101.34916761666666,172.91666666666666,28.155,1.489166666666667
2016-05-18,78.125,0.0,101.41041616666665,164.01583333333335,28.131666666666664,1.4229166666666668
2016-05-19,76.08333333333333,0.0,101.44958343333333,162.2704166666667,27.522499999999997,1.4879166666666663
2016-05-20,74.33333333333333,0.0,101.47249985,161.92875,27.627916666666664,1.4141666666666666
2016-05-21,84.45833333333333,0.0,101.5704167666667,49.750416666666666,25.949583333333333,1.1066666666666667
2016-05-22,80.58333333333333,0.0,101.67375004999998,110.63875000000002,26.439166666666665,1.3641666666666667
2016-05-23,77.5,0.0,101.77041626666669,113.45541666666668,26.900833333333335,1.41875
2016-05-24,77.04166666666667,0.0,101.71541696666668,170.26708333333335,26.76833333333333,1.3795833333333336
2016-05-25,76.91666666666667,0.0,101.61375045,174.98041666666666,26.60875,1.187083333333333
2016-05-26,76.75,0.0,101.57624994999999,166.49208333333334,26.68583333333333,1.2304166666666665
2016-05-27,76.625,0.0,101.60500005,174.70083333333332,26.715416666666666,1.0212499999999998
2016-05-28,77.79166666666667,0.0,101.58166681666665,174.62416666666664,26.474583333333328,1.0066666666666666
2016-05-29,80.91666666666667,0.0,101.51708348333334,170.17541666666668,26.609166666666667,1.0695833333333333
2016-05-30,78.75,0.0,101.47833353333336,176.06125,27.26583333333333,1.3416666666666661
2016-05-31,74.29166666666667,0.0,101.5549998,171.55333333333328,27.834166666666672,1.4887500000000002
2016-06-01,78.375,0.0,101.60916696666665,179.56999999999996,27.275833333333335,1.3316666666666668
2016-06-02,76.70833333333333,0.0,101.56291556666667,172.85625000000002,27.524583333333336,1.295
2016-06-03,80.58333333333333,0.0,101.47208378333333,174.15958333333333,26.965000000000003,1.1766666666666665
2016-06-04,81.33333333333333,0.0,101.45416591666667,180.58833333333334,27.024166666666662,1.1891666666666667
2016-06-05,81.375,0.0,101.56958338333332,180.0029166666667,27.432083333333335,1.3904166666666669
2016-06-06,80.16666666666667,0.0,101.65958303333332,171.69958333333332,27.345,1.3508333333333333
2016-06-07,76.625,0.0,101.66249975,184.90499999999997,27.14333333333333,1.3425
2016-06-08,75.5,0.0,101.65208408333335,168.46416666666667,26.504166666666666,1.4087500000000002
2016-06-09,78.25,0.0,101.68291701666665,142.07875,26.14,1.290416666666667
2016-06-10,79.29166666666667,0.0,101.62958323333334,117.14250000000003,26.182083333333335,1.3445833333333337
2016-06-11,79.16666666666667,0.0,101.62541606666669,115.87124999999999,26.105,1.1029166666666665
2016-06-12,76.91666666666667,0.0,101.65833358333333,151.32333333333335,26.620833333333334,1.3875
2016-06-13,70.79166666666667,0.0,101.65208358333335,182.17041666666663,26.757083333333338,1.3504166666666666
2016-06-14,71.25,0.0,101.70583343333334,183.32083333333333,26.51875,1.2491666666666668
2016-06-15,83.0,0.0,101.65208283333335,116.23374999999999,26.060416666666665,1.2275
2016-06-16,79.70833333333333,0.0,101.51833343333332,188.6683333333333,26.299166666666665,1.1383333333333334
2016-06-17,82.79166666666667,0.0,101.47874985,159.23208333333332,26.437083333333334,1.1512499999999999
2016-06-18,82.83333333333333,0.0,101.59458338333332,113.80541666666669,26.602083333333326,1.0945833333333332
2016-06-19,91.41666666666667,0.0,101.61083348333335,76.86625,24.83791666666666,0.78875
2016-06-20,88.75,0.005,101.52083333333333,76.44083333333333,25.20333333333333,0.947083333333333
2016-06-21,81.54166666666667,0.045000000000000005,101.57791671666666,134.90666666666667,25.79125,1.1579166666666667
2016-06-22,80.33333333333333,0.0033333333333333335,101.6908332833333,82.29583333333333,26.00458333333333,1.1158333333333332
2016-06-23,78.83333333333333,0.22333333333333336,101.70124994999999,151.1579166666667,26.03208333333333,1.2133333333333334
2016-06-24,78.33333333333333,0.0,101.53416646749999,116.5775,25.882500000000004,1.3754166666666665
2016-06-25,85.625,0.0,101.59999999833333,86.45958333333334,24.652916666666666,0.9004166666666666
2016-06-26,87.04166666666667,0.0,101.70041681666665,123.92083333333335,24.820833333333336,1.0495833333333333
2016-06-27,83.16666666666667,0.0,101.68374940000001,156.31374999999997,25.369583333333335,1.2120833333333332
2016-06-28,80.79166666666667,0.0,101.63374989999998,179.87541666666664,25.51458333333333,1.3566666666666665
2016-06-29,80.54166666666667,0.0,101.69250004999998,173.95000000000002,25.517499999999995,1.3125
2016-06-30,78.875,0.0,101.71083398333333,118.56041666666665,25.766666666666666,1.3662500000000002
2016-07-01,82.875,0.0,101.67666701666666,144.12666666666667,25.605833333333326,1.1229166666666666
2016-07-02,82.41666666666667,0.0,101.63708318333335,137.02374999999998,25.820000000000004,1.0362499999999997
2016-07-03,78.5,0.0,101.67125014999999,132.65541666666667,25.74208333333333,1.4391666666666667
2016-07-04,76.45833333333333,0.0,101.67125014999999,160.00041666666667,25.24416666666667,1.38875
2016-07-05,77.375,0.0,101.54916736666667,158.81249999999997,25.448333333333334,1.3166666666666667
2016-07-06,80.16666666666667,0.0,101.51666641666668,141.09291666666667,25.33208333333334,1.2620833333333332
2016-07-07,81.375,0.0,101.59833373333333,145.69625,24.984166666666667,1.1045833333333333
2016-07-08,79.91666666666667,0.0,101.71583378333331,128.85458333333335,25.022916666666664,1.2616666666666665
2016-07-09,78.91666666666667,0.0,101.71291656666665,145.73375000000001,24.986249999999995,1.1391666666666669
2016-07-10,77.20833333333333,0.0,101.65874939999998,129.2675,25.18166666666667,1.32625
2016-07-11,77.41666666666667,0.0,101.72250035,131.21916666666667,24.84041666666667,1.3904166666666669
2016-07-12,76.58333333333333,0.0,101.74750010000002,133.76874999999998,24.89458333333333,1.1908333333333334
2016-07-13,78.29166666666667,0.0,101.72125015,125.56750000000001,24.83083333333334,1.0975
2016-07-14,80.08333333333333,0.0,101.60375034999998,164.26624999999999,24.481666666666673,1.0241666666666664
2016-07-15,81.33333333333333,0.0,101.56916706666668,61.86750000000001,24.531666666666666,0.8779166666666667
2016-07-16,78.79166666666667,0.0,101.59333368333336,141.44916666666668,25.05,1.18375
2016-07-17,80.70833333333333,0.0,101.69624989999998,148.52500000000003,24.922499999999996,1.2387499999999998
2016-07-18,79.58333333333333,0.0,101.59708253333334,162.48041666666668,25.329166666666666,1.4245833333333335
2016-07-19,79.04166666666667,0.0,101.51791636666667,161.22166666666666,25.159583333333334,1.2941666666666665
2016-07-20,80.0,0.0,101.54416631666665,169.16833333333332,25.227500000000003,1.1545833333333333
2016-07-21,82.75,0.0,101.6262497,146.7495833333333,25.472916666666663,1.136666666666667
2016-07-22,-758.9583333333334,-833.1666666666666,9.785833233333337,-687.7554166666665,-809.9766666666668,-832.67125
2016-07-23,-1598.7083333333333,-1666.3333333333333,-82.08291701666666,-1558.39,-1645.2983333333334,-1666.02125
2016-07-24,-1177.2083333333333,-1249.75,-36.222500099999976,-1101.9370833333332,-1227.1083333333333,-1249.2325
2016-07-25,-339.125,-416.5833333333333,55.62333373333334,-250.11041666666665,-391.8424999999999,-416.0408333333333
2016-07-26,82.08333333333333,0.0,101.46458308333332,157.77583333333334,25.37458333333333,0.7683333333333332
2016-07-27,-339.8333333333333,-416.5833333333333,55.51208318333334,-242.18833333333336,-392.2595833333333,-415.9454166666667
2016-07-28,-1177.7916666666667,-1249.75,-36.202500150000006,-1114.1491666666668,-1227.5154166666666,-1249.26875
2016-07-29,-1600.3333333333333,-1666.3333333333333,-82.12833353333333,-1495.9916666666668,-1645.0575,-1666.00125
2016-07-30,-5801.25,-5832.166666666667,-541.0004165666667,-5756.925416666666,-5821.329583333333,-5831.950416666667
2016-07-31,-4540.791666666667,-4582.416666666667,-403.30874990000007,-4454.17875,-4568.352083333334,-4582.127916666667
2016-08-01,-6222.75,-6248.75,-586.8150003999998,-6139.754166666667,-6238.667916666665,-6248.37125
2016-08-02,-7060.375,-7081.916666666667,-678.5787500999999,-6998.779166666667,-7074.214999999999,-7081.594166666667
2016-08-03,-7480.125,-7498.5,-724.5283330333332,-7439.604166666667,-7491.735833333333,-7498.16875
2016-08-04,-5801.666666666667,-5832.166666666667,-540.9658335333332,-5714.817916666666,-5820.960416666666,-5831.779166666667
2016-08-05,-2020.2916666666667,-2082.9166666666665,-127.80791701666662,-1962.4304166666668,-2062.4475000000007,-2081.967916666666
2016-08-06,-2862.5,-2916.0833333333335,-219.58624980000002,-2803.038333333334,-2897.3675000000003,-2915.225
2016-08-07,-1599.375,-1666.3333333333333,-81.88250019999998,-1540.4037500000002,-1644.8370833333336,-1665.634166666667
2016-08-08,-2018.375,-2082.9166666666665,-127.71874974999996,-1962.6000000000001,-2062.7262499999993,-2082.037083333333
2016-08-09,-4540.791666666667,-4582.416666666667,-403.09499995000004,-4463.240833333333,-4568.173333333333,-4582.012916666667
2016-08-10,-3281.1666666666665,-3332.6666666666665,-265.4091662166666,-3200.414166666667,-3315.18625,-3332.0258333333336
2016-08-11,-2436.9166666666665,-2499.5,-173.6379168166666,-2395.6191666666664,-2480.748333333334,-2498.6354166666665
2016-08-12,-3699.9166666666665,-3749.25,-311.39499995000006,-3599.1225,-3732.9691666666663,-3748.5625
2016-08-13,-2439.4583333333335,-2499.5,-173.72333373333336,-2355.8583333333336,-2480.2133333333336,-2498.4512499999996
2016-08-14,85.25,0.0,101.67166646666665,105.4875,25.15375,1.0445833333333334
2016-08-15,-1174.9583333333333,-1249.75,-35.95583343333333,-1099.65625,-1227.6458333333333,-1249.0125
2016-08-16,-3697.1666666666665,-3749.25,-311.32999955,-3659.772916666667,-3733.2604166666665,-3748.7075000000004
2016-08-17,-4959.791666666667,-4999.0,-449.0945833833332,-4905.927499999999,-4985.67875,-4998.415
2016-08-18,-2439.3333333333335,-2499.5,-173.76458358333332,-2329.96875,-2479.815,-2498.5516666666667
2016-08-19,-5799.583333333333,-5832.166666666667,-540.9179166166665,-5742.7108333333335,-5821.23875,-5831.65625
2016-08-20,-6220.0,-6248.75,-586.8266667666666,-6174.855833333332,-6238.892916666667,-6248.33875
2016-08-21,-2018.7083333333333,-2082.9166666666665,-127.89625015,-1932.1366666666665,-2062.5395833333337,-2081.795
2016-08-22,-2020.5416666666667,-2082.9166666666665,-127.89041696666668,-1925.4775,-2062.515,-2082.155
2016-08-23,-4961.541666666667,-4999.0,-449.0945836333333,-4931.225416666666,-4986.016666666666,-4998.450833333332
2016-08-24,-2861.375,-2916.0833333333335,-219.63791631666666,-2807.757916666666,-2897.786666666667,-2915.2066666666674
2016-08-25,-2020.5416666666667,-2082.9166666666665,-127.85833333333335,-1940.0666666666666,-2062.3395833333334,-2081.8525000000004
2016-08-26,-1600.8333333333333,-1666.3333333333333,-81.83583323333337,-1548.8600000000004,-1645.29625,-1665.4862499999992
2016-08-27,-759.9583333333334,-833.1666666666666,10.010000099999994,-685.6675,-810.285,-832.7579166666668
2016-08-28,-1601.875,-1666.3333333333333,-81.75083288333327,-1548.9420833333336,-1645.1174999999996,-1665.0641666666663
2016-08-29,80.66666666666667,0.0,101.82749965000001,179.22916666666666,25.08,1.2741666666666667
2016-08-30,-336.8333333333333,-416.5833333333333,55.85500055000001,-288.06583333333333,-393.66124999999994,-415.91083333333336
2016-08-31,-340.3333333333333,-416.5833333333333,55.88833313333333,-260.1550000000001,-392.7029166666667,-415.3637499999998
2016-09-01,-3276.875,-3332.6666666666665,-265.36500015,-3252.164166666667,-3316.3775,-3332.1241666666665
2016-09-02,-2024.2916666666667,-2082.9166666666665,-127.75541711666672,-1979.7658333333331,-2062.7400000000007,-2081.63625
2016-09-03,76.91666666666667,0.0,101.69000015,134.59458333333336,24.83791666666667,1.2137499999999999
2016-09-04,83.25,0.0,101.74249954999999,123.41458333333334,24.439999999999998,1.0620833333333333
2016-09-05,80.33333333333333,0.0,101.81500015,119.03833333333334,24.977916666666673,1.0766666666666667
2016-09-06,85.29166666666667,0.0,101.75291696666665,107.57041666666667,24.248750000000005,0.5841666666666666
2016-09-07,84.375,0.0,101.70458348333335,114.34791666666666,24.487499999999997,0.9358333333333332
2016-09-08,82.75,0.0,101.63916626666666,153.75166666666664,25.07541666666667,1.2766666666666668
2016-09-09,77.25,0.0,101.66624959999997,164.71166666666667,26.18625,1.175
2016-09-10,82.0,0.0,101.74124984999999,164.65666666666667,25.539583333333336,1.3566666666666665
2016-09-11,78.75,0.0,101.65791676666667,151.15833333333333,25.72125,0.9745833333333332
2016-09-12,75.54166666666667,0.0,101.54625014999999,158.41999999999996,25.937916666666666,1.54375
2016-09-13,79.375,0.0,101.54541701666666,174.2166666666667,25.456666666666667,1.3258333333333334
2016-09-14,81.125,0.0,101.54083328333333,79.21458333333332,24.65666666666667,1.1608333333333334
2016-09-15,79.625,0.0,101.44749934999999,166.60666666666665,24.917500000000004,0.8291666666666666
2016-09-16,79.625,0.0,101.46708348333334,148.90666666666667,24.98958333333333,0.9529166666666664
2016-09-17,76.0,0.0,101.53041661666667,179.36041666666665,25.288750000000004,1.4241666666666666
2016-09-18,73.45833333333333,0.0,101.62666701666666,185.2920833333333,25.737499999999997,1.6104166666666666
2016-09-19,74.41666666666667,0.0,101.63041711666666,168.5591666666667,25.734166666666663,1.6699999999999997
2016-09-20,74.25,0.0,101.53166731666666,174.69458333333333,25.610416666666666,1.3754166666666665
2016-09-21,73.54166666666667,0.0,101.56499990000002,190.79166666666663,25.68166666666667,1.5045833333333336
2016-09-22,80.33333333333333,0.0,101.63125000000001,162.93249999999998,25.685,1.4691666666666665
2016-09-23,80.75,0.0,101.5524999,160.23625,26.012500000000003,1.5595833333333335
2016-09-24,79.45833333333333,0.0,101.44000039999999,189.90833333333333,25.762083333333337,1.2158333333333335
2016-09-25,80.0,0.0,101.33958333333334,197.67791666666665,25.54041666666667,1.1408333333333334
2016-09-26,78.04166666666667,0.0,101.39999975,187.19916666666674,25.67458333333334,1.3812500000000003
2016-09-27,83.75,0.0,101.50666706666665,172.90791666666667,25.234166666666667,1.1316666666666666
2016-09-28,88.66666666666667,0.0,101.57375030000001,79.93041666666666,25.077916666666663,0.9825
2016-09-29,81.45833333333333,0.0,101.55833358333332,183.33458333333337,26.027500000000003,1.4524999999999997
2016-09-30,79.83333333333333,0.0,101.40000000000002,192.24125,25.45541666666666,1.2674999999999998
2016-10-01,79.75,0.0,101.22291641666668,179.64666666666665,25.645833333333332,1.1420833333333331
2016-10-02,83.04166666666667,0.0,101.20625,172.5704166666667,25.738333333333333,1.2308333333333332
2016-10-03,83.41666666666667,0.0,101.25249990000002,189.9270833333333,25.914583333333326,1.1541666666666666
2016-10-04,80.41666666666667,0.0,101.30833333333335,220.51458333333332,26.322083333333328,1.4120833333333334
2016-10-05,79.95833333333333,0.0,101.29833373333332,165.13875,26.13875,1.5508333333333333
2016-10-06,78.0,0.0,101.25291646666665,241.16,25.97375,1.1716666666666666
2016-10-07,79.66666666666667,0.0,101.25708338333334,231.37416666666672,25.85875,0.9308333333333331
2016-10-08,81.79166666666667,0.0,101.37416636666666,244.12249999999997,26.4525,0.82125
2016-10-09,82.91666666666667,0.0,101.47708333333333,200.77374999999998,26.368749999999995,0.9937499999999999
2016-10-10,81.375,0.0,101.57583388333335,260.8291666666667,27.034583333333334,1.305
2016-10-11,76.20833333333333,0.0,101.58125050000001,261.6120833333333,26.721666666666668,1.4487500000000004
2016-10-12,77.0,0.0,101.54083253333336,268.76499999999993,26.344583333333333,1.534583333333333
2016-10-13,77.16666666666667,0.0,101.52541681666666,269.2341666666666,26.504166666666666,1.5720833333333328
2016-10-14,78.125,0.0,101.50124994999999,267.0729166666667,26.737916666666674,1.574166666666667
2016-10-15,76.875,0.0,101.39541676666666,258.21666666666664,26.53416666666666,1.1804166666666667
2016-10-16,77.79166666666667,0.0,101.3600001,266.08125,26.306249999999995,1.1175
2016-10-17,77.25,0.0,101.35083313333332,259.67291666666665,26.313333333333336,1.1729166666666668
2016-10-18,76.66666666666667,0.0,101.40208333333334,281.13000000000005,26.744999999999994,1.1520833333333333
2016-10-19,80.70833333333333,0.0,101.4849996,258.5370833333333,26.514999999999997,1.4158333333333333
2016-10-20,77.95833333333333,0.0,101.45749945,275.8908333333333,26.891249999999996,1.4158333333333333
2016-10-21,77.25,0.0,101.43708318333331,238.55875,26.35875,1.5325
2016-10-22,79.16666666666667,0.0,101.48166631666665,283.6854166666667,26.597499999999997,1.5745833333333337
2016-10-23,76.79166666666667,0.0,101.39250005000001,275.51625,26.60625,1.4641666666666664
2016-10-24,78.5,0.0,101.28500059999999,276.1991666666667,26.74625,1.2208333333333334
2016-10-25,84.95833333333333,0.0,101.14291636666667,218.1945833333333,26.872083333333325,1.1416666666666666
2016-10-26,83.125,0.0,101.08708343333332,264.22499999999997,27.351666666666663,1.2391666666666667
2016-10-27,81.41666666666667,0.0,101.25333353333336,267.39124999999996,27.373333333333335,1.0991666666666668
2016-10-28,80.5,0.0,101.42916616666669,271.1741666666667,27.035,0.8566666666666669
2016-10-29,82.58333333333333,0.0,101.25208308333332,270.4745833333333,27.44833333333334,1.055
2016-10-30,83.91666666666667,0.0,101.16541646666667,266.55791666666664,27.649999999999995,0.9566666666666666
2016-10-31,84.20833333333333,0.0,101.26374994999998,255.71874999999997,27.6825,0.75625
2016-11-01,83.0,0.0,101.26124930000002,267.02208333333334,27.72541666666666,0.9341666666666667
2016-11-02,82.75,0.0,101.21333313333332,260.9245833333333,27.899583333333336,0.8120833333333333
2016-11-03,83.08333333333333,0.0,101.38791706666666,264.4408333333333,27.921666666666667,1.0529166666666667
2016-11-04,81.45833333333333,0.0,101.54500044999999,264.3954166666667,27.866249999999997,1.082083333333333
2016-11-05,82.08333333333333,0.0,101.49541676666666,274.1591666666667,27.669583333333335,1.0254166666666669
2016-11-06,79.58333333333333,0.0,101.46374969999998,219.43041666666673,27.469583333333333,1.3199999999999996
2016-11-07,80.83333333333333,0.0,101.45625025,241.3166666666667,27.490416666666665,1.3104166666666666
2016-11-08,79.70833333333333,0.0,101.45791651666667,243.80041666666668,27.877916666666668,1.1516666666666668
2016-11-09,81.79166666666667,0.0,101.3712499,273.99083333333334,27.808750000000003,0.9920833333333333
2016-11-10,79.0,0.0,101.17791671666667,275.10083333333336,27.99916666666667,0.8470833333333333
2016-11-11,80.79166666666667,0.0,101.03750000000002,247.28916666666666,27.82416666666667,0.82375
2016-11-12,81.16666666666667,0.0,101.04666671666668,232.20874999999998,28.056250000000002,0.7566666666666667
2016-11-13,83.5,0.0,101.17249985,163.63583333333335,27.86583333333333,0.77
2016-11-14,83.79166666666667,0.0,101.26416676666668,224.32583333333335,27.805833333333336,0.5941666666666666
2016-11-15,81.375,0.0,101.18083268333334,267.19333333333327,27.995000000000005,1.0091666666666665
2016-11-16,80.625,0.0,101.04333393333333,268.5133333333334,27.94666666666666,1.372083333333333
2016-11-17,81.66666666666667,0.0,101.03166706666667,239.705,27.925416666666667,1.0920833333333333
2016-11-18,83.0,0.0,101.10791651666666,249.50208333333327,28.15625,0.68375
2016-11-19,84.08333333333333,0.0,101.16125005000002,216.17083333333335,28.321249999999996,0.6016666666666667
2016-11-20,83.41666666666667,0.0,101.12208353333334,240.54,28.119583333333335,0.8158333333333334
2016-11-21,80.125,0.0,101.12625019999997,279.8858333333333,28.040416666666662,1.0287499999999998
2016-11-22,78.625,0.0,101.21166686666668,266.4254166666667,27.82791666666667,1.003333333333333
2016-11-23,81.16666666666667,0.0,101.23958308333334,272.47,27.863749999999996,1.04875
2016-11-24,79.70833333333333,0.0,101.25375059999999,264.17749999999995,27.76125,1.0695833333333333
2016-11-25,79.83333333333333,0.0,101.10583343333332,274.2083333333333,27.85374999999999,0.8716666666666669
2016-11-26,81.0,0.0,101.10624974999998,231.5566666666667,27.958333333333332,0.8608333333333333
2016-11-27,88.75,0.2691666666666666,101.14041721666668,88.575,26.672083333333344,0.6433333333333332
2016-11-28,96.95833333333333,0.11,101.16000009999999,67.63458333333334,25.16541666666666,0.48000000000000004
2016-11-29,86.375,0.0,101.20791651666667,269.1575,27.92958333333333,0.6079166666666667
2016-11-30,87.16666666666667,0.14083333333333334,101.2566660666667,220.36958333333334,27.578333333333333,0.6166666666666667
2016-12-01,85.875,0.0,101.23000030000001,234.95291666666665,27.644583333333333,0.7308333333333334
2016-12-02,83.70833333333333,0.009166666666666667,101.18208338333335,228.23125000000002,27.97875,0.96375
2016-12-03,84.95833333333333,0.020416666666666666,101.25541686666666,177.42041666666668,27.829583333333336,0.6675000000000001
2016-12-04,82.5,0.0,101.26875050000001,258.4579166666667,27.87541666666667,0.7445833333333334
2016-12-05,82.29166666666667,0.0,101.15999985,238.43166666666664,27.73374999999999,0.8166666666666668
2016-12-06,82.41666666666667,0.12833333333333333,101.12875035,242.2733333333334,27.995833333333334,0.6541666666666668
2016-12-07,84.20833333333333,0.014166666666666668,101.24666671666667,270.41208333333327,28.050833333333326,0.5291666666666667
2016-12-08,81.70833333333333,0.0,101.31583328333333,269.4295833333334,28.15125,0.5829166666666667
2016-12-09,81.66666666666667,0.0,101.22041726666664,258.2395833333333,28.215416666666666,0.61125
2016-12-10,82.25,0.0,101.1462499,251.88791666666665,28.469583333333333,0.5475
2016-12-11,84.08333333333333,0.12000000000000001,101.18708393333334,261.4816666666666,28.141666666666666,0.5870833333333333
2016-12-12,84.125,0.0,101.16791711666667,218.66375000000002,28.262500000000003,0.7604166666666665
2016-12-13,82.54166666666667,0.0,101.12333298333334,243.91,28.327499999999997,0.9545833333333335
2016-12-14,82.54166666666667,0.0,101.16499965000003,251.93999999999997,28.467916666666667,0.6704166666666667
2016-12-15,83.20833333333333,0.0,101.1712499,261.40625,28.404166666666672,0.6183333333333333
2016-12-16,83.625,0.0,101.16458333333337,268.45958333333334,28.849999999999994,0.5462500000000001
2016-12-17,83.08333333333333,0.0,101.08041711666668,229.78999999999996,28.71208333333333,0.8841666666666667
2016-12-18,80.08333333333333,0.0,101.05541711666666,222.955,28.52916666666667,1.07875
2016-12-19,79.29166666666667,0.0,101.05291696666666,225.26583333333338,28.378749999999997,1.1433333333333333
2016-12-20,81.45833333333333,0.0,101.04666646666668,230.6420833333333,28.359166666666667,1.0220833333333335
2016-12-21,80.16666666666667,0.0,101.12416661666667,212.60625000000002,28.43958333333333,1.1029166666666668
2016-12-22,81.54166666666667,0.0,101.2325002,247.11875,28.159166666666668,0.8604166666666667
2016-12-23,81.5,0.0,101.14541701666666,216.07041666666666,28.035416666666666,0.8133333333333331
2016-12-24,80.0,0.0,100.99541676666665,233.4754166666667,28.168333333333333,0.91375
2016-12-25,78.5,0.0,101.05333378333334,239.26624999999993,28.41708333333334,0.8720833333333332
2016-12-26,79.83333333333333,0.0,101.09333293333331,221.16666666666666,28.51708333333333,0.90625
2016-12-27,79.875,0.0,101.10375035,258.59458333333333,29.017083333333332,0.6712499999999998
2016-12-28,81.54166666666667,0.0,101.06124979999998,256.16208333333327,29.01166666666667,0.6270833333333332
2016-12-29,86.375,0.5770833333333333,101.13583323333334,226.77,28.379166666666666,0.75625
2016-12-30,84.375,0.0033333333333333335,101.16833293333333,109.00291666666665,28.33583333333334,0.7083333333333335
2016-12-31,81.75,0.0,101.11166611666665,201.51791666666665,28.287916666666664,0.6749999999999999
2017-01-01,80.45833333333333,0.0,101.06583328333333,227.15916666666666,28.389166666666668,0.9191666666666665
2017-01-02,79.45833333333333,0.0,101.09458363333334,195.2175,28.53958333333333,1.0129166666666667
2017-01-03,80.70833333333333,0.0,101.17250034999999,189.7925,28.364166666666662,1.0708333333333333
2017-01-04,78.125,0.0,101.10916646666668,234.71416666666664,28.384583333333335,1.0225
2017-01-05,79.08333333333333,0.0,101.0525009,213.53083333333333,28.19708333333334,1.1016666666666666
2017-01-06,78.75,0.0,101.13041661666665,238.8224999999999,28.134166666666662,0.9758333333333331
2017-01-07,80.16666666666667,0.0,100.98499985000001,257.57,27.980833333333333,1.1954166666666668
2017-01-08,79.08333333333333,0.0,100.84375000000001,235.1270833333333,28.417083333333334,1.0887499999999999
2017-01-09,78.29166666666667,0.0,100.88541741666666,149.9095833333333,28.09666666666666,1.1620833333333334
2017-01-10,76.08333333333333,0.0,100.99124959999999,206.00958333333332,28.025833333333328,1.28875
2017-01-11,74.66666666666667,0.0,101.02333323333333,225.03916666666666,27.652916666666666,1.307916666666667
2017-01-12,75.41666666666667,0.0,101.10458323333334,240.78250000000003,27.7175,1.0508333333333333
2017-01-13,79.41666666666667,0.0,100.98208338333335,237.82416666666666,27.67125,0.7770833333333335
2017-01-14,79.54166666666667,0.0,100.8762502,231.56041666666667,28.07291666666667,0.9758333333333334
2017-01-15,79.08333333333333,0.0,101.05125095000001,254.655,28.219583333333336,1.0345833333333332
2017-01-16,77.91666666666667,0.0,101.17291691666667,241.36458333333334,28.068749999999998,0.9083333333333332
2017-01-17,77.41666666666667,0.0,101.07333323333334,258.6050000000001,28.151250000000005,0.9916666666666664
2017-01-18,79.20833333333333,0.0,101.13125074999999,234.06083333333333,28.115000000000006,1.0179166666666666
2017-01-19,77.125,0.0,101.17541681666667,230.72291666666663,28.25791666666667,1.0233333333333334
2017-01-20,76.33333333333333,0.0,101.05958328333332,242.11458333333337,28.187916666666666,1.1412499999999999
2017-01-21,77.79166666666667,0.0,101.18999965,207.14666666666668,28.191250000000007,1.0429166666666665
2017-01-22,75.5,0.0,101.2662501,258.27458333333334,27.97666666666667,1.0804166666666666
2017-01-23,77.875,0.0,101.24916611666667,201.65458333333333,27.952083333333334,0.9474999999999999
2017-01-24,78.91666666666667,0.0,101.14125035000002,252.9225,28.1575,0.8729166666666668
2017-01-25,79.58333333333333,0.0,101.14625014999997,231.16749999999993,28.51708333333333,0.9400000000000001
2017-01-26,78.0,0.0,101.26166711666667,236.41,28.399999999999995,1.1704166666666664
2017-01-27,77.83333333333333,0.0,101.22208278333335,188.7195833333334,28.389166666666668,1.0345833333333332
2017-01-28,79.91666666666667,0.0,101.08124975,179.66125,28.47458333333334,0.9754166666666667
2017-01-29,80.75,0.0,101.09333318333336,212.81750000000002,28.42833333333333,0.9295833333333333
2017-01-30,79.70833333333333,0.0,101.00916696666668,204.08375000000004,28.340000000000003,1.0874999999999997
2017-01-31,79.45833333333333,0.0,101.02958348333334,191.71208333333334,28.622083333333336,0.9070833333333334
2017-02-01,79.66666666666667,0.0,101.04916586666667,176.75625,28.421249999999997,1.0504166666666668
2017-02-02,79.79166666666667,0.0,101.06958363333335,183.77750000000003,28.19291666666666,1.0141666666666669
2017-02-03,80.125,0.0,101.05249965000003,250.1620833333333,27.897500000000004,1.1766666666666667
2017-02-04,78.83333333333333,0.0,101.14833323333335,199.03541666666663,28.0475,1.0929166666666668
2017-02-05,77.70833333333333,0.0,101.22625019999998,251.71166666666667,27.976249999999997,1.21125
2017-02-06,80.41666666666667,0.0,101.14375050000001,225.35833333333326,28.027083333333337,1.1079166666666669
2017-02-07,80.16666666666667,0.0,101.02416686666668,156.94375,27.667916666666667,1.235
2017-02-08,80.125,0.0,101.04083378333337,164.44375,27.409166666666664,1.3004166666666663
2017-02-09,78.79166666666667,0.0,101.0975006,222.13041666666672,27.72458333333333,1.2608333333333335
2017-02-10,80.66666666666667,0.0,101.09041696666667,207.75041666666667,27.528750000000002,0.9854166666666665
2017-02-11,81.75,0.0,101.09541701666667,220.31916666666666,27.36708333333333,0.7083333333333334
2017-02-12,83.58333333333333,0.0,101.07958273333334,238.16124999999997,27.73708333333333,0.6533333333333334
2017-02-13,83.70833333333333,0.0,101.06708298333331,257.0308333333333,28.460833333333337,0.7204166666666665
2017-02-14,83.08333333333333,0.0,101.14583333333333,248.28958333333333,28.54958333333333,0.84125
2017-02-15,80.75,0.0,101.16708348333334,236.4291666666667,28.285,0.9545833333333335
2017-02-16,80.08333333333333,0.0,101.17791671666669,240.2195833333333,28.38958333333333,0.7091666666666666
2017-02-17,81.0,0.0,101.13083243333331,251.22041666666667,28.695416666666663,0.5920833333333334
2017-02-18,81.33333333333333,0.0,101.18500010000002,250.23666666666665,29.120833333333337,0.6854166666666667
2017-02-19,82.91666666666667,0.0,101.13916676666666,239.7325,28.85833333333333,1.02
2017-02-20,79.08333333333333,0.0,101.06624959999998,187.99291666666662,28.654583333333335,1.0591666666666668
2017-02-21,77.45833333333333,0.0,101.01958313333331,236.1895833333334,28.5175,1.1312499999999999
2017-02-22,79.41666666666667,0.0,101.10875040000002,78.12791666666665,28.089583333333334,0.7704166666666667
2017-02-23,81.54166666666667,0.0,101.03958333333333,195.89666666666668,28.53708333333334,1.1233333333333333
2017-02-24,83.16666666666667,0.0,101.10541686666669,179.71416666666664,28.369583333333335,0.8579166666666668
2017-02-25,81.5,0.0,101.13291726666667,242.63333333333333,28.68625,0.9583333333333334
2017-02-26,81.08333333333333,0.0,100.92916691666669,217.8908333333333,28.75583333333333,0.8004166666666666
2017-02-27,80.45833333333333,0.0,100.88874994999999,222.77416666666662,28.974583333333328,0.7970833333333331
2017-02-28,79.83333333333333,0.0,100.97708333333333,222.59541666666667,28.92833333333334,1.0125
2017-03-01,80.875,0.0,101.10958253333332,235.55999999999995,28.615833333333327,0.9883333333333332
2017-03-02,81.16666666666667,0.0,101.00666731666666,235.52666666666664,28.898750000000003,0.5870833333333333
2017-03-03,79.5,0.0,100.83750025000002,247.23458333333335,29.51291666666667,0.685
2017-03-04,79.5,0.0,100.8266660166667,231.63625,29.88791666666667,0.61625
2017-03-05,81.41666666666667,0.0,100.81166611666669,233.9370833333334,29.56500000000001,0.6570833333333334
2017-03-06,80.25,0.0,100.76208368333336,229.13833333333335,29.553749999999997,0.6137500000000001
2017-03-07,79.875,0.0,100.68416646666667,205.9779166666667,29.31375,0.7000000000000002
2017-03-08,77.45833333333333,0.0,100.70999934999999,204.31291666666672,28.898750000000003,0.8825
2017-03-09,78.16666666666667,0.0,100.78416671666669,206.26416666666668,29.21958333333333,0.9262500000000001
2017-03-10,80.16666666666667,0.0,100.80083338333334,208.33958333333337,29.29791666666667,0.9683333333333334
2017-03-11,79.29166666666667,0.0,100.89291711666664,189.915,29.168750000000003,0.9687500000000001
2017-03-12,77.875,0.0,101.03625004999999,193.01541666666665,28.8575,0.8516666666666669
2017-03-13,79.29166666666667,0.0,101.02416686666665,195.64625,28.975833333333338,0.7812500000000001
2017-03-14,74.875,0.0,100.9737503,221.91958333333332,29.453333333333333,1.074166666666667
2017-03-15,77.75,0.0,100.86374970000003,190.31583333333333,29.87958333333333,0.6220833333333332
2017-03-16,76.83333333333333,0.0,100.88041686666666,184.37333333333333,30.13666666666667,0.6529166666666667
2017-03-17,79.375,0.0,100.99791716666665,197.1604166666667,29.697083333333328,0.8783333333333334
2017-03-18,81.41666666666667,0.0,101.13041661666665,179.66125,29.364583333333332,0.8545833333333331
2017-03-19,78.08333333333333,0.0,101.1550003,176.5908333333333,29.786666666666658,0.7633333333333333
2017-03-20,80.25,0.0,101.06458308333333,185.49291666666667,29.672499999999996,0.9004166666666666
2017-03-21,82.0,0.0,101.03416671666669,194.31791666666663,29.629583333333333,0.8420833333333334
2017-03-22,84.83333333333333,0.0,101.01375020000002,114.38250000000001,28.290416666666673,0.75
2017-03-23,83.79166666666667,0.0,101.00249989999999,108.47375000000001,28.86916666666667,0.7358333333333333
2017-03-24,81.70833333333333,0.0,101.05583293333332,163.89624999999998,29.374999999999996,0.7016666666666668
2017-03-25,79.20833333333333,0.0,101.06333313333334,143.94625,29.980833333333326,0.60875
2017-03-26,79.78260869565217,0.0,101.05565212173914,170.37695652173912,30.0408695652174,0.6160869565217392
2017-03-27,85.91666666666667,0.0,101.12750015,134.32458333333332,29.513333333333335,0.5345833333333334
2017-03-28,89.20833333333333,0.0,101.1741666166667,91.09791666666666,27.235,0.5020833333333333
2017-03-29,84.95833333333333,0.0,101.09208298333334,168.3520833333333,28.677083333333332,0.6175
2017-03-30,80.91666666666667,0.0,101.15166626666668,157.87500000000003,29.467916666666667,0.6116666666666667
2017-03-31,79.75,0.0,101.26999994999998,159.6225,29.45249999999999,0.8270833333333333
2017-04-01,80.125,0.0,101.23791606666667,150.83416666666665,29.631249999999998,0.6983333333333333
2017-04-02,79.375,0.0,101.19791641666666,151.95250000000001,29.426666666666673,0.7675000000000001
2017-04-03,79.45833333333333,0.0,101.2024999,150.09124999999997,29.649583333333336,1.1354166666666665
2017-04-04,81.0,0.0,101.29041671666666,156.83416666666665,28.410416666666666,1.1112499999999998
2017-04-05,77.375,0.0,101.2225001,187.38000000000002,28.90666666666667,1.0762499999999997
2017-04-06,83.08333333333333,0.0,101.10958353333335,119.16166666666665,28.107500000000005,1.0279166666666668
2017-04-07,86.79166666666667,0.0,101.12416636666667,116.44791666666664,26.881666666666664,0.8491666666666666
2017-04-08,81.70833333333333,0.0,101.14791666666667,166.48083333333332,28.510000000000005,0.8462499999999998
2017-04-09,81.75,0.0,101.16750005000002,168.15916666666666,29.049583333333334,0.9670833333333335
2017-04-10,82.33333333333333,0.0,101.06083373333333,162.20125000000002,28.625416666666666,0.9787499999999999
2017-04-11,81.20833333333333,0.0,101.03791631666667,166.68375,28.71875,1.0833333333333335
2017-04-12,81.95833333333333,0.0,101.1229166666667,170.89958333333334,29.182916666666667,1.062083333333333
2017-04-13,82.33333333333333,0.0,101.17666676666668,171.72208333333333,29.239166666666666,1.115
2017-04-14,81.0,0.0,101.12083383333334,160.56041666666667,29.059583333333336,1.1145833333333335
2017-04-15,82.83333333333333,0.0,101.03000055,157.86249999999998,28.554999999999993,1.0625
2017-04-16,86.75,0.0,101.02708358333335,149.78958333333333,28.325416666666666,0.9612499999999998
2017-04-17,84.0,0.0,101.02916741666665,163.01291666666665,28.846666666666664,0.9533333333333333
2017-04-18,88.58333333333333,0.0,101.1400004,169.01625,27.88083333333334,-1249.0658333333333
2017-04-19,85.5,0.0,101.10666631666668,172.69249999999997,28.29583333333333,0.9379166666666664
2017-04-20,87.41666666666667,0.0,101.10500080000001,144.77416666666664,27.893333333333327,-1248.97625
2017-04-21,85.375,0.0,101.13375065000002,173.92333333333332,28.65249999999999,0.9970833333333332
2017-04-22,81.33333333333333,0.0,101.17916691666666,174.08333333333334,28.72041666666667,1.1258333333333332
2017-04-23,79.91666666666667,0.0,101.19458388333332,184.78250000000003,28.8725,1.1249999999999998
2017-04-24,80.41666666666667,0.0,101.24375025,167.41916666666668,29.07708333333333,1.1600000000000001
2017-04-25,80.83333333333333,0.0,101.27500025,165.32416666666666,29.034166666666664,1.1183333333333336
2017-04-26,85.66666666666667,0.0,101.28291676666667,172.59291666666664,28.41458333333333,1.0745833333333332
2017-04-27,84.54166666666667,0.0,101.33249970000001,89.25416666666665,27.5925,0.9754166666666667
2017-04-28,86.41666666666667,0.0,101.30458373333335,150.375,26.742916666666662,1.0374999999999999
2017-04-29,88.16666666666667,0.0,101.36125005000001,137.89791666666665,25.741666666666664,0.9983333333333332
2017-04-30,86.58333333333333,0.0,101.38374989999998,125.41041666666668,25.722916666666666,0.9283333333333332
2017-05-01,93.95833333333333,12.584583333333335,101.35833308333333,76.92083333333333,25.052916666666672,0.7516666666666666
2017-05-02,94.54166666666667,0.9791666666666666,101.32375030000001,70.69041666666666,24.956249999999997,0.8254166666666665
2017-05-03,93.0,0.01916666666666667,101.25124994999999,78.50458333333333,25.1675,0.8137499999999999
2017-05-04,96.91666666666667,0.025833333333333333,101.19416606666665,26.42375,25.053333333333338,-832.4383333333334
2017-05-05,98.625,0.1366666666666667,101.24458363333336,65.43166666666666,24.641250000000003,-3748.9416666666675
2017-05-06,90.79166666666667,0.0,101.25999984999999,140.1304166666667,26.59625000000001,0.7308333333333333
2017-05-07,96.95833333333333,0.0,101.26083298333333,70.12,25.298333333333332,0.4183333333333333
2017-05-08,99.875,0.10208333333333335,101.25916621666666,15.030833333333332,24.213333333333328,-1666.06375
2017-05-09,92.79166666666667,0.4679166666666667,101.29250005,70.57416666666667,24.962083333333336,0.0
2017-05-10,87.91666666666667,0.22458333333333333,101.19541676666667,168.77458333333334,26.65125,0.0
2017-05-11,89.75,0.0,101.18958358333333,128.35958333333335,26.613749999999996,0.0
2017-05-12,88.0,8.966666666666665,101.28416671666668,138.07083333333335,26.417083333333334,0.0
2017-05-13,82.04166666666667,0.11416666666666668,101.28583348333335,200.96333333333334,27.560416666666665,0.0
2017-05-14,88.91666666666667,0.0,101.30333353333334,139.61875,25.785416666666666,0.004583333333333333
2017-05-15,87.75,0.0,101.32541681666667,129.17041666666665,26.245833333333337,0.0
2017-05-16,85.79166666666667,0.0,101.29124984999999,126.15250000000002,27.04958333333333,0.0
2017-05-17,91.83333333333333,0.0,101.325,128.29250000000002,25.512083333333333,0.0
2017-05-18,89.625,0.0,101.3675003,132.13916666666663,26.414999999999996,0.0
2017-05-19,85.25,0.0,101.56083298333334,96.52166666666669,27.172083333333337,0.0
2017-05-20,88.16666666666667,0.0,101.56833368333332,106.60916666666668,25.848749999999995,0.007083333333333334
2017-05-21,92.29166666666667,0.0,101.47291591666665,60.37958333333333,24.058333333333334,0.0062499999999999995
2017-05-22,93.375,0.0,101.40874939999999,94.29958333333332,24.360833333333336,0.013333333333333334
2017-05-23,88.95833333333333,0.0,101.4462499,158.27666666666664,25.72916666666667,0.0
2017-05-24,87.70833333333333,0.0,101.39416706666667,159.355,25.92583333333333,0.0
2017-05-25,84.125,0.0,101.28583323333334,130.28874999999996,26.512500000000003,0.0
2017-05-26,81.29166666666667,0.0,101.21833318333336,171.74625,27.14791666666667,0.0
2017-05-27,85.41666666666667,0.0,101.28375040000002,127.61333333333334,26.74333333333333,0.0
2017-05-28,85.5,0.0,101.36666691666666,180.09125000000003,27.468750000000004,0.0
2017-05-29,86.95833333333333,0.0,101.47583313333335,157.03250000000003,27.001666666666654,0.0
2017-05-30,85.79166666666667,0.0,101.56666616666668,149.00458333333333,26.833749999999995,0.0
2017-05-31,83.20833333333333,0.0,101.53458303333332,104.25083333333335,26.431250000000002,0.0
2017-06-01,88.83333333333333,0.0,101.5120836833333,92.95333333333333,25.204166666666666,0.0
2017-06-02,84.75,0.0,101.50000025000001,138.32874999999999,26.019166666666674,0.0
2017-06-03,89.875,0.0,101.48708293333334,123.62958333333334,26.167916666666667,0.6825
2017-06-04,83.875,0.0,101.46083323333335,185.60333333333332,27.175000000000008,-1664.9175000000002
2017-06-05,83.125,0.0,101.45458348333334,168.805,27.08541666666667,-1248.3166666666664
2017-06-06,81.41666666666667,0.0,101.45125044999999,180.29833333333337,27.404166666666665,1.619583333333333
2017-06-07,83.25,0.02791666666666667,101.3737503,176.69875000000002,26.766249999999996,-2081.58625
2017-06-08,83.16666666666667,0.0,101.30500079999997,154.18125,26.71041666666667,-1248.4004166666666
2017-06-09,81.41666666666667,0.0,101.42916666666667,158.44958333333332,27.146666666666665,-1248.2604166666667
2017-06-10,78.875,0.0,101.47249935000002,182.30708333333337,27.494583333333342,1.6670833333333333
2017-06-11,82.33333333333333,0.0,101.35708338333335,182.4725,27.667083333333338,1.5612500000000002
2017-06-12,84.16666666666667,0.035416666666666666,101.30583318333333,143.6375,27.10625,-1664.7625
2017-06-13,82.45833333333333,0.0,101.31166736666665,184.98708333333335,27.387083333333337,1.5483333333333331
2017-06-14,86.33333333333333,0.05958333333333334,101.36625034999999,135.53208333333336,26.592500000000005,-1665.0287499999997
2017-06-15,82.125,0.0,101.38958258333334,180.54958333333335,27.29750000000001,-414.91499999999996
2017-06-16,81.625,0.007083333333333333,101.4287501,151.69791666666669,26.971249999999994,-414.9845833333334
2017-06-17,80.625,0.012083333333333333,101.36916681666668,108.66583333333334,26.667916666666667,1.5395833333333335
2017-06-18,79.66666666666667,0.0,101.36749979999998,156.79916666666668,26.92041666666667,1.6583333333333334
2017-06-19,84.66666666666667,0.005833333333333334,101.46958388333331,125.91041666666666,26.073750000000004,1.5683333333333331
2017-06-20,81.0,0.0,101.44583383333334,183.56875000000002,26.836250000000007,1.6995833333333332
2017-06-21,80.54166666666667,0.0,101.3783335333333,175.11208333333335,26.497083333333325,-831.6579166666666
2017-06-22,83.33333333333333,0.0,101.46583378333332,134.75291666666666,25.991249999999997,-831.9108333333334
2017-06-23,81.41666666666667,0.0,101.49375024999999,155.48291666666665,26.851250000000004,-831.6474999999999
2017-06-24,84.45833333333333,0.12791666666666665,101.46958363333334,155.0829166666667,26.341666666666672,-1664.962083333333
2017-06-25,90.45833333333333,0.1325,101.47708308333334,116.05624999999999,24.297916666666666,-5414.846666666667
2017-06-26,83.33333333333333,0.015833333333333335,101.48833338333333,181.62708333333333,26.200000000000006,-1664.8712500000008
2017-06-27,83.08333333333333,0.0425,101.50249964999999,154.155,26.042499999999993,-831.6845833333333
2017-06-28,83.45833333333333,0.06916666666666667,101.5312505,135.37624999999997,25.28333333333333,-1665.0516666666672
2017-06-29,84.20833333333333,0.16208333333333333,101.60500005,175.30083333333332,25.332916666666662,-1664.9516666666666
2017-06-30,79.0,0.0,101.54458313333332,176.35791666666663,26.33791666666667,1.8366666666666667
2017-07-01,80.0,0.0,101.43374989999997,190.4383333333334,26.327500000000004,1.770833333333333
2017-07-02,78.83333333333333,0.0,101.39041696666669,177.06875,26.37625,1.8562499999999995
2017-07-03,79.83333333333333,0.0,101.50249989999999,100.66208333333333,25.9975,1.59875
2017-07-04,79.45833333333333,0.0,101.61291706666668,162.70083333333335,26.183333333333334,1.5374999999999999
2017-07-05,82.625,0.0,101.61666641666665,183.1208333333333,25.637083333333337,-2081.69375
2017-07-06,82.25,0.0008333333333333334,101.69291661666665,157.65541666666664,25.406666666666666,-1665.1637499999997
2017-07-07,81.625,0.0,101.64166666666667,175.75625,26.219166666666666,-831.6066666666667
2017-07-08,83.95833333333333,0.004583333333333333,101.65791676666667,124.33166666666665,25.53625,1.3716666666666668
2017-07-09,79.20833333333333,0.0,101.52958323333335,180.42708333333334,25.522500000000008,-1664.872916666667
2017-07-10,82.16666666666667,0.00375,101.50374985,124.98374999999999,25.162499999999998,-831.6954166666668
2017-07-11,79.83333333333333,0.0,101.5675003,116.15791666666667,25.626666666666665,1.49125
2017-07-12,78.625,0.0,101.61208318333333,172.6875,25.69916666666667,1.796666666666667
2017-07-13,76.16666666666667,0.0025,101.54666671666666,174.90708333333336,25.99208333333333,1.7120833333333334
2017-07-14,77.41666666666667,0.0,101.53708318333334,180.49541666666664,25.789999999999996,1.6420833333333336
2017-07-15,77.125,0.0,101.53833338333332,137.31083333333333,26.077083333333334,1.4662500000000003
2017-07-16,86.25,0.004166666666666667,101.4924993,77.50791666666667,25.61916666666667,1.37
2017-07-17,86.70833333333333,0.0025,101.58791681666669,169.1320833333333,26.120416666666667,-2081.555833333333
2017-07-18,82.29166666666667,0.0,101.66250025,181.07500000000002,26.39625,-2081.4549999999995
2017-07-19,79.875,0.0,101.63083343333331,181.65791666666667,26.708333333333332,1.7345833333333334
2017-07-20,81.91666666666667,0.0,101.47749964999998,159.07125,26.242499999999996,-831.5787500000001
2017-07-21,80.04166666666667,0.0,101.44541701666668,130.14166666666668,26.228333333333328,1.6533333333333333
2017-07-22,79.79166666666667,0.0,101.50791726666665,174.73708333333332,26.181250000000002,1.659166666666667
2017-07-23,79.79166666666667,0.0,101.54041646666666,102.71583333333332,26.176666666666666,1.7116666666666667
2017-07-24,81.45833333333333,0.0,101.53291601666668,170.60916666666665,25.52875,-1665.07
2017-07-25,80.79166666666667,0.0,101.47833378333335,162.62375,25.94125,-1248.17
2017-07-26,79.91666666666667,0.0,101.46916681666669,157.3504166666667,26.140833333333337,1.8879166666666665
2017-07-27,79.20833333333333,0.0,101.58458303333332,131.49916666666667,25.982499999999998,1.6120833333333335
2017-07-28,79.5,0.0008333333333333334,101.63916651666666,143.32416666666668,25.507916666666663,1.3699999999999999
2017-07-29,81.125,0.0,101.57583363333333,173.57083333333335,25.867500000000003,-414.9791666666666
2017-07-30,82.125,0.01958333333333333,101.48041636666666,166.45666666666668,26.428749999999994,-414.84291666666667
2017-07-31,91.45833333333333,0.09333333333333334,101.58833388333335,71.39208333333333,24.55666666666667,-2498.3241666666668
2017-08-01,84.66666666666667,0.0,101.69124985,162.74625,26.180000000000003,-414.94583333333327
2017-08-02,86.79166666666667,0.0275,101.78374965000002,130.05666666666664,25.797499999999996,-2081.593333333333
2017-08-03,87.375,0.3429166666666667,101.75000074999998,102.95625000000001,25.15041666666667,-415.22666666666674
2017-08-04,81.79166666666667,0.2625,101.5887502,128.20666666666668,25.582916666666662,-414.98083333333346
2017-08-05,82.79166666666667,0.0075,101.57499975,109.35916666666668,25.229583333333334,1.5562500000000001
2017-08-06,83.33333333333333,0.0,101.52291691666669,121.32416666666667,24.894166666666667,-1248.3587500000003
2017-08-07,79.95833333333333,0.0,101.50916721666665,160.54166666666666,25.452916666666663,-1664.9129166666662
2017-08-08,81.45833333333333,0.04666666666666667,101.58083293333334,112.865,25.361666666666675,1.595416666666667
2017-08-09,82.625,0.012083333333333333,101.61624935000002,136.69083333333333,25.322083333333325,-831.6975000000001
2017-08-10,79.45833333333333,0.0,101.57166671666668,146.5058333333333,25.73625,-414.78458333333333
2017-08-11,83.5,0.0008333333333333334,101.5712509,139.02541666666667,25.82958333333333,-831.7241666666669
2017-08-12,81.70833333333333,0.0,101.57083308333334,147.37625,26.152083333333337,1.6937499999999999
2017-08-13,84.625,0.21541666666666667,101.5441670666667,140.99041666666668,25.293750000000003,-415.05749999999995
2017-08-14,86.375,0.22958333333333333,101.5712499,145.59416666666667,25.357499999999998,-2914.593333333333
2017-08-15,81.16666666666667,0.0,101.4962499,145.40083333333334,26.01875,1.8150000000000004
2017-08-16,85.20833333333333,0.08875,101.35000000000001,133.035,25.178333333333327,-2081.6408333333334
2017-08-17,82.875,0.0,101.31583378333333,146.20458333333332,25.543333333333337,-831.7074999999996
2017-08-18,84.875,0.0,101.37958323333332,144.1595833333333,25.805833333333336,-1248.2666666666664
2017-08-19,85.75,0.0,101.52125015000001,145.59624999999997,26.12291666666667,-1248.1850000000002
2017-08-20,86.20833333333333,0.023333333333333334,101.54541651666663,135.9054166666667,25.406666666666663,-2498.186666666667
2017-08-21,86.41666666666667,0.00875,101.38291701666667,94.40375,25.682916666666667,1.754166666666667
2017-08-22,82.125,0.0,101.3004168166667,138.51416666666665,26.089583333333334,1.9354166666666675
2017-08-23,83.45833333333333,0.0,101.24791666666665,151.94833333333335,25.60416666666667,1.5029166666666667
2017-08-24,85.20833333333333,0.0,101.27458318333333,157.38541666666666,25.474999999999994,-1248.4066666666665
2017-08-25,82.5,0.0,101.33833288333334,151.63291666666666,25.57875,-1248.2429166666666
2017-08-26,79.41666666666667,0.005416666666666667,101.35541686666669,169.46708333333333,26.137916666666666,1.785416666666667
2017-08-27,81.66666666666667,0.0,101.39375,154.17083333333335,25.994583333333335,-831.4224999999993
2017-08-28,81.45833333333333,0.02791666666666667,101.39583358333334,155.95208333333332,25.99541666666666,1.93375
2017-08-29,81.04166666666667,0.0,101.32250010000001,168.66625000000002,25.690833333333334,-831.4429166666669
2017-08-30,80.75,0.0,101.35458323333334,166.47416666666666,25.633749999999992,1.7133333333333338
2017-08-31,80.125,0.0,101.40208308333331,151.03791666666666,25.546666666666663,1.695833333333333
2017-09-01,82.58333333333333,0.0,101.42041676666666,147.52916666666664,25.29625,-1248.3079166666669
2017-09-02,84.66666666666667,0.0,101.42666726666666,158.12583333333333,25.795,1.6195833333333332
2017-09-03,83.625,0.0,101.45416641666667,164.2095833333333,25.944583333333338,-1248.0912500000002
2017-09-04,81.70833333333333,0.034583333333333334,101.58583348333333,135.7745833333333,26.16541666666667,1.9416666666666667
2017-09-05,79.5,0.0,101.65708263333335,159.8058333333333,26.099999999999994,1.8387499999999994
2017-09-06,81.16666666666667,0.0,101.57583288333335,155.04083333333332,25.85583333333334,1.7020833333333332
2017-09-07,83.45833333333333,0.0008333333333333334,101.48625004999998,158.11875,26.14083333333333,1.7033333333333334
2017-09-08,83.25,0.00375,101.49083328333334,144.71874999999997,26.08083333333334,1.895833333333334
2017-09-09,79.75,0.0,101.49041671666664,189.01166666666668,26.06166666666667,1.8724999999999996
2017-09-10,80.66666666666667,0.0,101.42583313333331,179.6545833333333,25.851249999999997,1.709583333333333
2017-09-11,81.16666666666667,0.0,101.36958413333333,185.1116666666667,25.795,1.6666666666666667
2017-09-12,81.33333333333333,0.0,101.39875004999999,162.01208333333335,25.85208333333333,1.7579166666666666
2017-09-13,80.875,0.0033333333333333335,101.43833338333333,126.9975,26.108333333333334,1.9174999999999998
2017-09-14,82.29166666666667,0.0,101.42708408333336,178.58249999999998,25.966666666666665,1.5625000000000002
2017-09-15,83.625,0.0,101.33833313333332,123.31541666666668,25.824583333333337,-831.6600000000002
2017-09-16,80.25,0.0,101.27416686666668,183.34,25.56583333333333,-831.6825000000003
2017-09-17,78.66666666666667,0.0,101.35124995000001,159.26583333333335,25.24000000000001,-831.7654166666665
2017-09-18,79.45833333333333,0.0075,101.45166676666668,179.98416666666665,25.91458333333333,-415.0470833333334
2017-09-19,97.91666666666667,0.4370833333333333,101.56250074999998,37.760416666666664,24.076249999999998,-8748.112083333333
2017-09-20,90.58333333333333,0.10708333333333332,101.58958333333332,139.32375,25.677500000000006,-7081.27625
2017-09-21,84.375,0.03,101.50750070000002,198.1270833333333,25.85541666666667,-4164.555833333333
2017-09-22,85.66666666666667,0.046250000000000006,101.45708363333334,133.58374999999998,25.077083333333334,-3748.187916666667
2017-09-23,84.0,0.0,101.46249949999999,200.0845833333333,25.699583333333326,-2914.8191666666667
2017-09-24,81.54166666666667,0.0,101.45583318333331,199.44874999999993,26.28,-1248.2870833333332
2017-09-25,82.95833333333333,0.0,101.30625000000002,197.67499999999998,25.863333333333333,-2914.9758333333325
2017-09-26,83.5,0.0,101.25625074999999,191.10333333333332,25.91916666666666,-3331.5504166666674
2017-09-27,82.0,0.0,101.36708323333335,193.35458333333335,26.250416666666663,-2081.64375
2017-09-28,82.83333333333333,0.005416666666666667,101.44000015,196.55625,26.794583333333332,-831.5150000000002
2017-09-29,80.625,0.002916666666666667,101.39041671666668,202.5920833333333,26.780000000000005,-831.5920833333334
2017-09-30,85.75,0.5499999999999999,101.4383336333333,181.12250000000003,26.08375,-6664.743749999999
2017-10-01,77.41666666666667,0.0,101.46833343333337,232.15,26.680416666666662,-2498.134583333333
2017-10-02,80.16666666666667,0.0,101.31625009999999,211.60833333333335,25.961249999999993,-1664.8129166666665
2017-10-03,81.16666666666667,0.0,101.22916641666667,229.09166666666667,26.29958333333333,-2914.806666666666
2017-10-04,87.375,0.06874999999999999,101.34458388333333,152.21916666666667,25.59125,-3748.1700000000005
2017-10-05,83.20833333333333,0.0,101.35458323333332,241.37541666666672,26.70583333333333,-2081.3333333333335
2017-10-06,82.08333333333333,0.0,101.27791646666668,226.5304166666667,26.855833333333337,-1248.1366666666668
2017-10-07,85.79166666666667,0.037083333333333336,101.27458318333333,145.71166666666664,26.180000000000003,-2914.969166666667
2017-10-08,83.04166666666667,0.0,101.16791611666667,199.4104166666667,26.58749999999999,-1665.1816666666666
2017-10-09,81.75,0.0033333333333333335,101.07166646666668,245.4695833333333,26.895416666666666,-1248.6804166666664
2017-10-10,82.25,0.0,100.97208303333332,244.9475,26.544583333333335,-1665.1016666666671
2017-10-11,82.16666666666667,0.0,101.02208328333332,249.32916666666665,26.5775,-2498.442916666667
2017-10-12,83.83333333333333,0.0,101.04875004999997,241.56541666666666,26.671249999999997,-2498.5112500000005
2017-10-13,82.54166666666667,0.0,101.16041716666665,236.58083333333332,26.776666666666674,-2081.428333333333
2017-10-14,79.95833333333333,0.0,101.24166591666669,275.5179166666667,27.224999999999998,-831.4562500000001
2017-10-15,78.83333333333333,0.0,101.31208318333334,261.0720833333333,27.29125,-414.76124999999996
2017-10-16,79.95833333333333,0.0,101.27874985000004,255.4375,26.83541666666667,-1248.5325000000003
2017-10-17,81.66666666666667,0.0,101.14250004999998,262.20916666666665,26.857916666666668,-2498.518333333333
2017-10-18,83.66666666666667,0.0,101.07416686666666,246.76541666666662,27.145416666666666,-2498.5191666666665
2017-10-19,84.29166666666667,0.0,101.21083348333333,253.55125000000007,27.633333333333336,-2498.572916666667
2017-10-20,83.41666666666667,0.0,101.35541661666666,233.5704166666667,27.866249999999997,-1665.030833333334
2017-10-21,82.125,0.004583333333333333,101.46041691666665,247.48458333333335,27.55916666666666,1.7104166666666665
2017-10-22,86.58333333333333,0.22458333333333336,101.35541736666666,232.14874999999998,25.523333333333323,-5414.4975
2017-10-23,91.16666666666667,0.26375,101.24791641666671,42.06625,25.008750000000003,-7498.174583333333
2017-10-24,95.45833333333333,0.2283333333333333,101.2012502,74.9875,25.22541666666667,-9581.327083333334
2017-10-25,90.25,0.02625,101.24541626666668,203.77083333333334,26.66208333333334,-9998.0
2017-10-26,89.91666666666667,0.0016666666666666668,101.17291691666667,241.11625,27.45958333333333,-9998.0
2017-10-27,90.95833333333333,0.01625,101.02625045,226.08416666666665,27.269166666666663,-9998.0
2017-10-28,88.375,0.007083333333333333,101.10583293333333,259.97791666666666,27.834999999999997,-9998.0
2017-10-29,85.75,0.0,101.26083323333334,271.98791666666665,27.667916666666667,-9998.0
2017-10-30,85.0,0.09583333333333333,101.325,260.20750000000004,27.158333333333328,-9581.304166666667
2017-10-31,83.41666666666667,0.0016666666666666668,101.31541621666668,260.32958333333335,27.334166666666665,-9998.0
2017-11-01,95.20833333333333,1.4129166666666666,101.32000045000001,57.18125,24.7625,-9998.0
2017-11-02,97.58333333333333,2.165833333333333,101.29333343333333,54.01125,24.72583333333333,-9998.0
2017-11-03,91.83333333333333,0.9458333333333333,101.15249915,187.91791666666668,26.409166666666668,-9998.0
2017-11-04,97.45833333333333,0.5283333333333333,101.17041676666668,50.76791666666667,24.78708333333334,-9998.0
2017-11-05,89.70833333333333,0.04958333333333333,101.15208333333335,258.71166666666664,26.506249999999998,-9998.0
2017-11-06,87.33333333333333,0.0008333333333333334,101.06875000000001,267.095,26.97499999999999,-9998.0
2017-11-07,85.25,0.07416666666666667,101.0391667666667,267.88208333333336,27.47208333333333,-9998.0
2017-11-08,86.33333333333333,0.03875,101.06125079999998,276.8191666666667,27.635416666666668,-9998.0
2017-11-09,88.45833333333333,0.0033333333333333335,101.01000035,272.8620833333334,27.888333333333335,-9998.0
2017-11-10,86.625,0.0062499999999999995,100.99041646666667,260.42791666666665,28.15041666666667,-9998.0
2017-11-11,85.625,0.0,101.04916686666667,273.55541666666664,27.91875,-9998.0
2017-11-12,87.0,0.0,101.09375025000001,257.7554166666667,27.64,-9581.416666666666
2017-11-13,94.79166666666667,0.28874999999999995,101.07458343333332,73.26083333333332,25.29958333333334,-9998.0
2017-11-14,87.29166666666667,0.0008333333333333334,101.07000045,265.83,27.184583333333332,-9998.0
2017-11-15,85.875,0.0,101.04708278333334,272.5841666666667,27.95291666666667,-3332.2004166666666
2017-11-16,85.70833333333333,0.01,101.00416616666666,253.8708333333333,27.919583333333335,0.6058333333333333
2017-11-17,86.70833333333333,0.012916666666666667,101.03083318333334,192.00125000000003,27.73,0.5733333333333333
2017-11-18,86.79166666666667,0.0,101.0925003,240.86041666666665,28.186666666666664,0.5425000000000001
2017-11-19,86.08333333333333,0.011666666666666667,101.15666631666663,280.52125,28.400416666666672,0.5516666666666666
2017-11-20,89.54166666666667,0.0,101.17291691666667,192.9958333333333,27.234166666666663,0.5537499999999999
2017-11-21,88.91666666666667,0.03666666666666667,101.0787501,210.51375000000004,27.184166666666666,0.49583333333333335
2017-11-22,84.70833333333333,0.0,100.96833318333334,270.02875,28.123333333333335,0.605
2017-11-23,86.0,0.0008333333333333334,100.97874935,265.2545833333333,28.19791666666667,0.7483333333333332
2017-11-24,86.25,0.0008333333333333334,101.02458368333335,286.89875,28.179999999999996,0.6991666666666668
2017-11-25,86.66666666666667,0.04041666666666666,101.13249944999997,283.2395833333333,28.579999999999995,0.59875
2017-11-26,86.75,0.0008333333333333334,101.23291626666668,236.49374999999998,28.525000000000002,0.78625
2017-11-27,85.29166666666667,0.0,101.18333358333332,249.74166666666665,28.584583333333338,0.9691666666666668
2017-11-28,85.625,0.0,101.14583408333333,245.60916666666662,28.56583333333333,0.9483333333333337
2017-11-29,88.20833333333333,0.0008333333333333334,101.20791651666667,239.49625000000003,28.192500000000006,0.5866666666666668
2017-11-30,86.95833333333333,0.0,101.26333438333334,254.4658333333333,28.147499999999997,0.5362500000000002
2017-12-01,86.41666666666667,0.0,101.09250005000001,260.16125,28.363749999999996,0.6012500000000001
2017-12-02,84.875,0.0,101.06416651666667,256.9475,28.475833333333327,0.6645833333333332
2017-12-03,85.83333333333333,0.0,101.14875029999997,223.43875,28.342083333333335,0.56125
2017-12-04,84.29166666666667,0.0,101.17291666666667,245.60999999999999,28.537499999999994,0.6145833333333334
2017-12-05,85.91666666666667,0.1025,101.10416691666667,183.55416666666667,27.655,0.5008333333333332
2017-12-06,84.75,0.0,100.99750035,226.09916666666663,28.412500000000005,0.6325
2017-12-07,86.20833333333333,0.0,100.95374985000002,229.62208333333328,28.164999999999996,0.52625
2017-12-08,90.20833333333333,0.08291666666666668,100.95916621666667,79.29208333333332,27.07916666666667,0.6266666666666667
2017-12-09,85.41666666666667,0.20833333333333334,100.9550003,138.47083333333333,27.403333333333332,1.29625
2017-12-10,82.54166666666667,0.0,101.08333383333331,188.69083333333333,27.44208333333333,0.2404166666666667
2017-12-11,81.79166666666667,0.0,101.22833328333331,217.44041666666672,27.750833333333333,0.0
2017-12-12,82.45833333333333,0.0,101.27291691666666,246.16291666666666,27.431666666666672,0.09000000000000001
2017-12-13,81.95833333333333,0.0,101.2287501,239.81208333333333,27.503749999999997,0.3870833333333333
2017-12-14,81.375,0.0,101.13875045000003,204.0695833333333,27.490833333333338,1.7425
2017-12-15,82.66666666666667,0.0,101.07208353333334,225.40750000000003,27.62374999999999,0.05499999999999999
2017-12-16,82.33333333333333,0.0,101.09916661666666,211.92624999999998,27.721666666666664,0.0
2017-12-17,81.91666666666667,0.0,101.13749975000002,212.23875,27.72708333333334,0.005833333333333334
2017-12-18,82.20833333333333,0.0,101.14916636666668,257.0125,27.972916666666666,0.0
2017-12-19,82.29166666666667,0.0,101.18124975,228.285,27.900833333333328,0.007916666666666667
2017-12-20,79.58333333333333,0.0,101.29250005,204.89874999999998,28.173749999999995,0.005
2017-12-21,81.91666666666667,0.0,42.2512502,232.7104166666666,27.72375,0.013333333333333334
2017-12-22,80.79166666666667,0.0,0.0,225.37583333333336,27.85166666666667,0.048749999999999995
2017-12-23,81.125,0.0,0.0,228.28750000000002,27.80208333333333,0.059166666666666666
2017-12-24,81.04166666666667,0.0,0.0,232.3054166666667,27.778750000000002,0.1779166666666667
2017-12-25,81.41666666666667,0.0,0.0,233.45916666666668,27.769166666666663,0.009583333333333334
2017-12-26,81.25,0.0,0.0,237.02916666666667,27.862916666666667,0.28250000000000003
2017-12-27,79.75,0.0,0.0,263.6204166666667,27.830833333333327,1.1666666666666667
2017-12-28,80.33333333333333,0.0,0.0,192.59166666666667,27.404166666666665,1.2729166666666665
2017-12-29,80.75,0.0,0.0,164.97916666666666,27.41083333333333,0.9837500000000001
2017-12-30,80.875,0.0,0.0,200.07541666666665,27.569166666666664,1.2787499999999998
2017-12-31,79.83333333333333,0.0,0.0,236.97000000000003,27.78291666666666,1.148333333333333
2018-01-01,80.91666666666667,0.0,0.0,214.79958333333332,27.638333333333335,0.9987499999999999
2018-01-02,83.33333333333333,0.0,0.0,258.55958333333336,28.010416666666668,1.0429166666666665
2018-01-03,81.29166666666667,0.029583333333333333,0.0,168.12583333333333,28.023750000000003,0.8708333333333331
2018-01-04,89.41666666666667,0.3670833333333334,54.63666686666665,69.52874999999999,27.0275,0.7979166666666666
2018-01-05,85.08333333333333,0.0,100.87208328333332,134.90708333333333,27.716250000000002,0.8737499999999999
2018-01-06,81.83333333333333,0.0,100.87625045,112.83666666666666,27.700833333333325,0.9825
2018-01-07,82.875,0.0,100.92916716666669,116.50416666666666,27.254166666666666,0.9454166666666665
2018-01-08,81.70833333333333,0.0,101.0087499,181.21875,27.485,0.9758333333333332
2018-01-09,81.16666666666667,0.0,101.0758333833333,129.49791666666667,27.339583333333326,0.9333333333333332
2018-01-10,82.33333333333333,0.0,101.04958293333333,122.95,27.19541666666667,1.32125
2018-01-11,79.58333333333333,0.0,101.16416701666667,121.57833333333332,27.075833333333335,1.2045833333333333
2018-01-12,79.08333333333333,0.0,101.19458263333331,200.60333333333332,27.058333333333334,1.1245833333333335
2018-01-13,75.91666666666667,0.0,101.14291686666671,225.7095833333333,26.641250000000003,1.0641666666666665
2018-01-14,80.91666666666667,0.0,101.00041681666669,236.16916666666665,26.411666666666665,1.2220833333333334
2018-01-15,81.75,0.0,101.10499979999999,240.03833333333333,26.73541666666667,1.002916666666667
2018-01-16,82.79166666666667,0.0,101.00083338333333,211.6075,26.635833333333327,1.3241666666666667
2018-01-17,82.58333333333333,0.0,100.9570831333333,185.9645833333333,26.78375000000001,1.1733333333333331
2018-01-18,83.70833333333333,0.0,100.94499969999998,170.64291666666665,26.60041666666667,1.2391666666666665
2018-01-19,83.125,0.0,101.00958353333334,145.07000000000002,26.545416666666664,1.3408333333333333
2018-01-20,82.70833333333333,0.0,101.09583358333335,234.18750000000003,26.932916666666667,1.1241666666666663
2018-01-21,81.95833333333333,0.0,101.05958403333334,156.59041666666667,27.088333333333328,1.175833333333333
2018-01-22,79.20833333333333,0.0,101.07166646666667,184.36541666666668,27.084166666666665,1.1804166666666667
2018-01-23,79.66666666666667,0.0,101.06416676666669,220.03166666666667,26.74958333333333,1.0716666666666663
2018-01-24,77.16666666666667,0.0,101.06083323333333,263.52125,27.16208333333333,0.9049999999999999
2018-01-25,79.0,0.0,100.94458288333333,253.8454166666667,27.332916666666673,0.9129166666666667
2018-01-26,79.5,0.0,100.96499965000002,221.8920833333334,27.8175,0.8383333333333333
2018-01-27,79.04166666666667,0.0,101.05041681666667,192.02499999999998,27.7375,0.8229166666666666
2018-01-28,81.58333333333333,0.0,101.00375034999998,228.69833333333338,27.38166666666667,0.7295833333333333
2018-01-29,81.125,0.0,100.94874955000002,236.27874999999997,28.006666666666664,0.8224999999999999
2018-01-30,81.58333333333333,0.0,100.95833358333336,235.00666666666666,28.18916666666667,0.8975
2018-01-31,79.70833333333333,0.0,101.10458323333334,201.62333333333333,27.836666666666662,1.0429166666666665
2018-02-01,81.20833333333333,0.0,101.11583278333335,144.01666666666665,27.22916666666666,0.9383333333333331
2018-02-02,80.375,0.0,101.10791676666668,228.375,27.652916666666666,0.9537500000000002
2018-02-03,81.70833333333333,0.0,101.10750045000003,246.61125000000004,27.754583333333333,0.8849999999999998
2018-02-04,80.54166666666667,0.0,101.03999990000001,216.98791666666668,27.85666666666667,1.16375
2018-02-05,79.58333333333333,0.0,101.02958323333333,173.88333333333333,27.794583333333332,1.3220833333333333
2018-02-06,77.45833333333333,0.0,101.04041696666667,187.2925,27.767083333333332,1.4429166666666668
2018-02-07,78.04166666666667,0.0,101.07958323333332,192.05166666666665,27.363333333333333,1.3012499999999998
2018-02-08,80.45833333333333,0.0,101.10833333333335,173.09833333333333,27.123333333333335,1.0879166666666666
2018-02-09,80.58333333333333,0.0,101.04958318333331,239.63916666666668,27.433333333333337,0.9783333333333334
2018-02-10,81.625,0.0,101.0504163166667,270.21125,27.762916666666666,0.9016666666666667
2018-02-11,82.08333333333333,0.0,101.23875044999998,270.56750000000005,27.897916666666664,0.8550000000000001
2018-02-12,80.125,0.0,101.3941668166667,248.585,28.44083333333333,0.8233333333333333
2018-02-13,80.95833333333333,0.0,101.42083308333333,264.59541666666667,28.758750000000006,0.7866666666666667
2018-02-14,78.20625,0.0075,55.46583328333333,275.30541666666664,28.699166666666674,0.8270833333333335
2018-02-15,78.20708333333333,0.028333333333333335,55.460000099999995,272.15625000000006,28.591666666666665,0.7579166666666666
2018-02-16,80.08333333333333,0.0,101.30541636666668,261.1316666666667,28.502916666666664,0.9508333333333332
2018-02-17,79.79166666666667,0.0,101.17624945,281.44625,28.789999999999996,0.8291666666666666
2018-02-18,80.29166666666667,0.0,101.04833348333334,283.72333333333336,28.9575,0.8429166666666669
2018-02-19,80.54166666666667,0.0,100.95666681666667,277.97375000000005,28.854583333333338,0.9416666666666665
2018-02-20,82.08333333333333,0.0,100.85624949999999,281.9658333333333,29.31458333333333,0.6979166666666665
2018-02-21,81.70833333333333,0.0,100.80000025,270.07750000000004,29.26625,0.7766666666666665
2018-02-22,79.16666666666667,0.0,100.76916681666667,191.00249999999997,28.860000000000003,0.8174999999999999
2018-02-23,79.54166666666667,0.0,100.78249945,255.17833333333337,29.061249999999998,0.8579166666666667
2018-02-24,80.58333333333333,0.0,100.91333313333332,234.46,29.293749999999992,0.7295833333333334
2018-02-25,80.375,0.0,100.92916691666666,269.27958333333333,29.012500000000003,0.8145833333333335
2018-02-26,79.125,0.0,100.84708353333333,242.29416666666668,28.89958333333333,0.8833333333333334
2018-02-27,76.875,0.0,100.88333333333334,260.9191666666666,29.566249999999997,0.8995833333333333
2018-02-28,79.375,0.0,100.76833318333333,252.64374999999998,29.20875,0.7970833333333335
2018-03-01,79.08333333333333,0.07625,100.80333453333334,240.46249999999998,29.45791666666666,0.7654166666666669
2018-03-02,82.87416666666667,0.22125000000000003,54.93791706666667,108.82333333333334,27.393750000000008,0.70125
2018-03-03,83.28875000000001,0.11333333333333334,54.941666166666664,63.12041666666667,26.828750000000003,0.5025000000000001
2018-03-04,76.87125,0.015416666666666669,55.045000200000004,77.85416666666667,26.75083333333333,0.5429166666666666
2018-03-05,82.625,0.33166666666666667,100.9425003,162.05541666666667,27.154166666666658,0.7700000000000001
2018-03-06,86.875,0.0,101.00083313333333,189.60000000000002,27.957916666666662,0.8670833333333333
2018-03-07,82.83333333333333,0.0,100.95375009999998,237.33333333333334,28.703749999999996,0.9512499999999999
2018-03-08,83.75,0.0,100.92791621666667,158.84416666666667,28.52125,1.1408333333333331
2018-03-09,84.20833333333333,0.0,100.87833378333335,121.13208333333331,28.122083333333332,0.7533333333333334
2018-03-10,84.04166666666667,0.0008333333333333334,100.88083293333334,189.68791666666667,27.87,0.8779166666666667
2018-03-11,83.04166666666667,0.0,101.00458323333335,164.2125,28.09833333333333,0.8429166666666664
2018-03-12,86.16666666666667,0.024583333333333336,101.08416596666667,87.17416666666668,28.0725,0.6166666666666667
2018-03-13,91.91666666666667,0.3716666666666666,101.07375055000004,61.06875,26.128749999999997,-832.5716666666663
2018-03-14,86.125,0.0008333333333333334,100.91750055,182.92083333333335,28.394583333333333,1.2279166666666665
2018-03-15,90.5,0.8704166666666667,100.9362493,133.55541666666664,26.659166666666664,-2082.410833333334
2018-03-16,90.0,0.5133333333333333,100.91458408333331,148.4675,26.50833333333333,0.5770833333333332
2018-03-17,83.75,0.0,100.72166721666669,134.89041666666665,28.206666666666674,0.7783333333333333
2018-03-18,-3696.125,-3749.25,-311.98000005,-3580.9166666666665,-3730.9720833333336,-3748.8329166666663
2018-03-19,-9998.0,-9998.0,-999.7999999999996,-9998.0,-9998.0,-9998.0
2018-03-20,-9998.0,-9998.0,-999.7999999999996,-9998.0,-9998.0,-9998.0
2018-03-21,-9998.0,-9998.0,-999.7999999999996,-9998.0,-9998.0,-9998.0
2018-03-22,-9998.0,-9998.0,-999.7999999999996,-9998.0,-9998.0,-9998.0
2018-03-23,-9998.0,-9998.0,-999.7999999999996,-9998.0,-9998.0,-9998.0
2018-03-24,-9998.0,-9998.0,-999.7999999999996,-9998.0,-9998.0,-9998.0
2018-03-25,-9998.0,-9998.0,-999.7999999999996,-9998.0,-9998.0,-9998.0
2018-03-26,-9998.0,-9998.0,-999.7999999999997,-9998.0,-9998.0,-9998.0
